"pick_rgn2_nm","day_of_reg","hour_reg","total_order_cnt","order_cnt_ratio"
"강남구","FRI",9,862,0.02
"강남구","FRI",10,1698,0.04
"강남구","FRI",11,4316,0.1
"강남구","FRI",12,3916,0.09
"강남구","FRI",13,2896,0.07
"강남구","FRI",14,2240,0.05
"강남구","FRI",15,2029,0.05
"강남구","FRI",16,2370,0.06
"강남구","FRI",17,3533,0.08
"강남구","FRI",18,4557,0.11
"강남구","FRI",19,4142,0.1
"강남구","FRI",20,3238,0.08
"강남구","FRI",21,2647,0.06
"강남구","FRI",22,2100,0.05
"강남구","FRI",23,1513,0.04
"강남구","MON",9,782,0.02
"강남구","MON",10,1481,0.04
"강남구","MON",11,3985,0.11
"강남구","MON",12,3650,0.1
"강남구","MON",13,2493,0.07
"강남구","MON",14,1934,0.05
"강남구","MON",15,1710,0.05
"강남구","MON",16,2021,0.05
"강남구","MON",17,2997,0.08
"강남구","MON",18,4209,0.11
"강남구","MON",19,3934,0.11
"강남구","MON",20,2889,0.08
"강남구","MON",21,2098,0.06
"강남구","MON",22,1746,0.05
"강남구","MON",23,1364,0.04
"강남구","SAT",9,959,0.02
"강남구","SAT",10,1771,0.04
"강남구","SAT",11,3669,0.09
"강남구","SAT",12,3873,0.1
"강남구","SAT",13,3139,0.08
"강남구","SAT",14,2461,0.06
"강남구","SAT",15,1971,0.05
"강남구","SAT",16,2383,0.06
"강남구","SAT",17,3252,0.08
"강남구","SAT",18,4056,0.1
"강남구","SAT",19,3906,0.1
"강남구","SAT",20,3163,0.08
"강남구","SAT",21,2539,0.06
"강남구","SAT",22,2059,0.05
"강남구","SAT",23,1494,0.04
"강남구","SUN",9,856,0.02
"강남구","SUN",10,1447,0.04
"강남구","SUN",11,2985,0.08
"강남구","SUN",12,3277,0.09
"강남구","SUN",13,2893,0.08
"강남구","SUN",14,2379,0.06
"강남구","SUN",15,1980,0.05
"강남구","SUN",16,2302,0.06
"강남구","SUN",17,3349,0.09
"강남구","SUN",18,4164,0.11
"강남구","SUN",19,3775,0.1
"강남구","SUN",20,3088,0.08
"강남구","SUN",21,2286,0.06
"강남구","SUN",22,1886,0.05
"강남구","SUN",23,1480,0.04
"강남구","THU",9,1145,0.02
"강남구","THU",10,2562,0.04
"강남구","THU",11,7845,0.13
"강남구","THU",12,5663,0.09
"강남구","THU",13,3524,0.06
"강남구","THU",14,2767,0.05
"강남구","THU",15,2538,0.04
"강남구","THU",16,3020,0.05
"강남구","THU",17,4499,0.08
"강남구","THU",18,6732,0.11
"강남구","THU",19,6504,0.11
"강남구","THU",20,4667,0.08
"강남구","THU",21,3472,0.06
"강남구","THU",22,2769,0.05
"강남구","THU",23,2067,0.03
"강남구","TUE",9,711,0.02
"강남구","TUE",10,1619,0.04
"강남구","TUE",11,4793,0.13
"강남구","TUE",12,3648,0.1
"강남구","TUE",13,2210,0.06
"강남구","TUE",14,1717,0.05
"강남구","TUE",15,1583,0.04
"강남구","TUE",16,2045,0.05
"강남구","TUE",17,2815,0.07
"강남구","TUE",18,4333,0.12
"강남구","TUE",19,4150,0.11
"강남구","TUE",20,2976,0.08
"강남구","TUE",21,2036,0.05
"강남구","TUE",22,1692,0.05
"강남구","TUE",23,1231,0.03
"강남구","WED",9,745,0.02
"강남구","WED",10,1603,0.04
"강남구","WED",11,4808,0.13
"강남구","WED",12,3695,0.1
"강남구","WED",13,2197,0.06
"강남구","WED",14,1745,0.05
"강남구","WED",15,1581,0.04
"강남구","WED",16,2015,0.05
"강남구","WED",17,2857,0.08
"강남구","WED",18,4452,0.12
"강남구","WED",19,4168,0.11
"강남구","WED",20,2886,0.08
"강남구","WED",21,2128,0.06
"강남구","WED",22,1736,0.05
"강남구","WED",23,1261,0.03
"강동구","FRI",9,204,0.01
"강동구","FRI",10,445,0.03
"강동구","FRI",11,1145,0.08
"강동구","FRI",12,1257,0.08
"강동구","FRI",13,964,0.06
"강동구","FRI",14,712,0.05
"강동구","FRI",15,641,0.04
"강동구","FRI",16,865,0.06
"강동구","FRI",17,1359,0.09
"강동구","FRI",18,1982,0.13
"강동구","FRI",19,1833,0.12
"강동구","FRI",20,1349,0.09
"강동구","FRI",21,1151,0.08
"강동구","FRI",22,762,0.05
"강동구","FRI",23,502,0.03
"강동구","MON",9,167,0.01
"강동구","MON",10,400,0.03
"강동구","MON",11,971,0.08
"강동구","MON",12,1121,0.09
"강동구","MON",13,761,0.06
"강동구","MON",14,604,0.05
"강동구","MON",15,538,0.04
"강동구","MON",16,656,0.05
"강동구","MON",17,1092,0.09
"강동구","MON",18,1690,0.14
"강동구","MON",19,1541,0.13
"강동구","MON",20,1080,0.09
"강동구","MON",21,784,0.06
"강동구","MON",22,550,0.04
"강동구","MON",23,304,0.02
"강동구","SAT",9,225,0.01
"강동구","SAT",10,563,0.04
"강동구","SAT",11,1239,0.08
"강동구","SAT",12,1433,0.09
"강동구","SAT",13,1084,0.07
"강동구","SAT",14,901,0.06
"강동구","SAT",15,796,0.05
"강동구","SAT",16,896,0.06
"강동구","SAT",17,1446,0.09
"강동구","SAT",18,1874,0.12
"강동구","SAT",19,1757,0.11
"강동구","SAT",20,1298,0.08
"강동구","SAT",21,1077,0.07
"강동구","SAT",22,747,0.05
"강동구","SAT",23,506,0.03
"강동구","SUN",9,248,0.02
"강동구","SUN",10,559,0.04
"강동구","SUN",11,1243,0.08
"강동구","SUN",12,1353,0.09
"강동구","SUN",13,1199,0.08
"강동구","SUN",14,944,0.06
"강동구","SUN",15,773,0.05
"강동구","SUN",16,908,0.06
"강동구","SUN",17,1473,0.1
"강동구","SUN",18,1898,0.12
"강동구","SUN",19,1607,0.1
"강동구","SUN",20,1245,0.08
"강동구","SUN",21,946,0.06
"강동구","SUN",22,628,0.04
"강동구","SUN",23,446,0.03
"강동구","THU",9,202,0.01
"강동구","THU",10,469,0.03
"강동구","THU",11,1218,0.07
"강동구","THU",12,1251,0.07
"강동구","THU",13,859,0.05
"강동구","THU",14,681,0.04
"강동구","THU",15,659,0.04
"강동구","THU",16,755,0.04
"강동구","THU",17,1409,0.08
"강동구","THU",18,2288,0.14
"강동구","THU",19,2453,0.15
"강동구","THU",20,1737,0.1
"강동구","THU",21,1306,0.08
"강동구","THU",22,1013,0.06
"강동구","THU",23,580,0.03
"강동구","TUE",9,127,0.01
"강동구","TUE",10,244,0.03
"강동구","TUE",11,744,0.08
"강동구","TUE",12,716,0.07
"강동구","TUE",13,509,0.05
"강동구","TUE",14,341,0.04
"강동구","TUE",15,358,0.04
"강동구","TUE",16,467,0.05
"강동구","TUE",17,802,0.08
"강동구","TUE",18,1348,0.14
"강동구","TUE",19,1405,0.15
"강동구","TUE",20,982,0.1
"강동구","TUE",21,677,0.07
"강동구","TUE",22,519,0.05
"강동구","TUE",23,313,0.03
"강동구","WED",9,124,0.01
"강동구","WED",10,251,0.02
"강동구","WED",11,756,0.07
"강동구","WED",12,674,0.07
"강동구","WED",13,513,0.05
"강동구","WED",14,358,0.04
"강동구","WED",15,352,0.03
"강동구","WED",16,501,0.05
"강동구","WED",17,940,0.09
"강동구","WED",18,1382,0.14
"강동구","WED",19,1550,0.15
"강동구","WED",20,1076,0.11
"강동구","WED",21,752,0.07
"강동구","WED",22,551,0.05
"강동구","WED",23,346,0.03
"강북구","FRI",9,110,0.01
"강북구","FRI",10,241,0.03
"강북구","FRI",11,561,0.07
"강북구","FRI",12,698,0.08
"강북구","FRI",13,509,0.06
"강북구","FRI",14,469,0.06
"강북구","FRI",15,404,0.05
"강북구","FRI",16,540,0.06
"강북구","FRI",17,705,0.08
"강북구","FRI",18,974,0.11
"강북구","FRI",19,1006,0.12
"강북구","FRI",20,813,0.1
"강북구","FRI",21,667,0.08
"강북구","FRI",22,480,0.06
"강북구","FRI",23,310,0.04
"강북구","MON",9,103,0.01
"강북구","MON",10,197,0.03
"강북구","MON",11,521,0.07
"강북구","MON",12,581,0.08
"강북구","MON",13,467,0.07
"강북구","MON",14,359,0.05
"강북구","MON",15,275,0.04
"강북구","MON",16,375,0.05
"강북구","MON",17,629,0.09
"강북구","MON",18,912,0.13
"강북구","MON",19,953,0.13
"강북구","MON",20,699,0.1
"강북구","MON",21,505,0.07
"강북구","MON",22,379,0.05
"강북구","MON",23,189,0.03
"강북구","SAT",9,119,0.01
"강북구","SAT",10,287,0.03
"강북구","SAT",11,593,0.07
"강북구","SAT",12,674,0.08
"강북구","SAT",13,643,0.07
"강북구","SAT",14,532,0.06
"강북구","SAT",15,471,0.05
"강북구","SAT",16,495,0.06
"강북구","SAT",17,724,0.08
"강북구","SAT",18,1013,0.11
"강북구","SAT",19,1041,0.12
"강북구","SAT",20,799,0.09
"강북구","SAT",21,671,0.08
"강북구","SAT",22,498,0.06
"강북구","SAT",23,297,0.03
"강북구","SUN",9,107,0.01
"강북구","SUN",10,308,0.03
"강북구","SUN",11,630,0.07
"강북구","SUN",12,732,0.08
"강북구","SUN",13,655,0.07
"강북구","SUN",14,532,0.06
"강북구","SUN",15,463,0.05
"강북구","SUN",16,561,0.06
"강북구","SUN",17,804,0.09
"강북구","SUN",18,990,0.11
"강북구","SUN",19,983,0.11
"강북구","SUN",20,786,0.09
"강북구","SUN",21,638,0.07
"강북구","SUN",22,415,0.05
"강북구","SUN",23,269,0.03
"강북구","THU",9,129,0.01
"강북구","THU",10,216,0.02
"강북구","THU",11,563,0.06
"강북구","THU",12,622,0.07
"강북구","THU",13,457,0.05
"강북구","THU",14,352,0.04
"강북구","THU",15,372,0.04
"강북구","THU",16,426,0.05
"강북구","THU",17,654,0.07
"강북구","THU",18,1134,0.12
"강북구","THU",19,1347,0.15
"강북구","THU",20,1116,0.12
"강북구","THU",21,831,0.09
"강북구","THU",22,667,0.07
"강북구","THU",23,393,0.04
"강북구","TUE",9,70,0.01
"강북구","TUE",10,152,0.03
"강북구","TUE",11,352,0.06
"강북구","TUE",12,423,0.08
"강북구","TUE",13,305,0.06
"강북구","TUE",14,231,0.04
"강북구","TUE",15,229,0.04
"강북구","TUE",16,271,0.05
"강북구","TUE",17,406,0.07
"강북구","TUE",18,658,0.12
"강북구","TUE",19,800,0.14
"강북구","TUE",20,620,0.11
"강북구","TUE",21,462,0.08
"강북구","TUE",22,353,0.06
"강북구","TUE",23,209,0.04
"강북구","WED",9,78,0.01
"강북구","WED",10,147,0.03
"강북구","WED",11,385,0.07
"강북구","WED",12,384,0.07
"강북구","WED",13,312,0.05
"강북구","WED",14,253,0.04
"강북구","WED",15,241,0.04
"강북구","WED",16,297,0.05
"강북구","WED",17,451,0.08
"강북구","WED",18,722,0.12
"강북구","WED",19,845,0.15
"강북구","WED",20,627,0.11
"강북구","WED",21,478,0.08
"강북구","WED",22,364,0.06
"강북구","WED",23,215,0.04
"강서구","FRI",9,394,0.02
"강서구","FRI",10,842,0.03
"강서구","FRI",11,2016,0.08
"강서구","FRI",12,2057,0.08
"강서구","FRI",13,1708,0.07
"강서구","FRI",14,1347,0.05
"강서구","FRI",15,1124,0.04
"강서구","FRI",16,1346,0.05
"강서구","FRI",17,2254,0.09
"강서구","FRI",18,3173,0.12
"강서구","FRI",19,3096,0.12
"강서구","FRI",20,2487,0.09
"강서구","FRI",21,1912,0.07
"강서구","FRI",22,1444,0.06
"강서구","FRI",23,982,0.04
"강서구","MON",9,336,0.02
"강서구","MON",10,698,0.03
"강서구","MON",11,1749,0.08
"강서구","MON",12,1750,0.08
"강서구","MON",13,1303,0.06
"강서구","MON",14,1017,0.05
"강서구","MON",15,930,0.04
"강서구","MON",16,996,0.05
"강서구","MON",17,1818,0.09
"강서구","MON",18,2883,0.14
"강서구","MON",19,2714,0.13
"강서구","MON",20,1893,0.09
"강서구","MON",21,1347,0.06
"강서구","MON",22,983,0.05
"강서구","MON",23,648,0.03
"강서구","SAT",9,433,0.02
"강서구","SAT",10,964,0.04
"강서구","SAT",11,1975,0.07
"강서구","SAT",12,2253,0.08
"강서구","SAT",13,1913,0.07
"강서구","SAT",14,1551,0.06
"강서구","SAT",15,1366,0.05
"강서구","SAT",16,1430,0.05
"강서구","SAT",17,2310,0.09
"강서구","SAT",18,3093,0.12
"강서구","SAT",19,3102,0.12
"강서구","SAT",20,2358,0.09
"강서구","SAT",21,1843,0.07
"강서구","SAT",22,1404,0.05
"강서구","SAT",23,895,0.03
"강서구","SUN",9,438,0.02
"강서구","SUN",10,973,0.04
"강서구","SUN",11,2017,0.07
"강서구","SUN",12,2407,0.09
"강서구","SUN",13,2028,0.08
"강서구","SUN",14,1594,0.06
"강서구","SUN",15,1344,0.05
"강서구","SUN",16,1541,0.06
"강서구","SUN",17,2485,0.09
"강서구","SUN",18,3181,0.12
"강서구","SUN",19,2916,0.11
"강서구","SUN",20,2402,0.09
"강서구","SUN",21,1658,0.06
"강서구","SUN",22,1192,0.04
"강서구","SUN",23,742,0.03
"강서구","THU",9,391,0.01
"강서구","THU",10,834,0.03
"강서구","THU",11,2168,0.08
"강서구","THU",12,1977,0.07
"강서구","THU",13,1386,0.05
"강서구","THU",14,1041,0.04
"강서구","THU",15,846,0.03
"강서구","THU",16,1152,0.04
"강서구","THU",17,2263,0.08
"강서구","THU",18,4015,0.14
"강서구","THU",19,4348,0.15
"강서구","THU",20,3143,0.11
"강서구","THU",21,2229,0.08
"강서구","THU",22,1711,0.06
"강서구","THU",23,1090,0.04
"강서구","TUE",9,251,0.02
"강서구","TUE",10,478,0.03
"강서구","TUE",11,1378,0.08
"강서구","TUE",12,1239,0.07
"강서구","TUE",13,866,0.05
"강서구","TUE",14,655,0.04
"강서구","TUE",15,541,0.03
"강서구","TUE",16,711,0.04
"강서구","TUE",17,1280,0.08
"강서구","TUE",18,2287,0.14
"강서구","TUE",19,2444,0.15
"강서구","TUE",20,1805,0.11
"강서구","TUE",21,1207,0.07
"강서구","TUE",22,962,0.06
"강서구","TUE",23,565,0.03
"강서구","WED",9,239,0.01
"강서구","WED",10,544,0.03
"강서구","WED",11,1381,0.08
"강서구","WED",12,1180,0.07
"강서구","WED",13,909,0.05
"강서구","WED",14,688,0.04
"강서구","WED",15,573,0.03
"강서구","WED",16,732,0.04
"강서구","WED",17,1375,0.08
"강서구","WED",18,2422,0.14
"강서구","WED",19,2596,0.15
"강서구","WED",20,1824,0.11
"강서구","WED",21,1316,0.08
"강서구","WED",22,921,0.05
"강서구","WED",23,597,0.03
"관악구","FRI",9,560,0.02
"관악구","FRI",10,1030,0.03
"관악구","FRI",11,2431,0.07
"관악구","FRI",12,2487,0.08
"관악구","FRI",13,2063,0.06
"관악구","FRI",14,1728,0.05
"관악구","FRI",15,1554,0.05
"관악구","FRI",16,1815,0.05
"관악구","FRI",17,2663,0.08
"관악구","FRI",18,3652,0.11
"관악구","FRI",19,3575,0.11
"관악구","FRI",20,2999,0.09
"관악구","FRI",21,2672,0.08
"관악구","FRI",22,2118,0.06
"관악구","FRI",23,1694,0.05
"관악구","MON",9,465,0.02
"관악구","MON",10,866,0.03
"관악구","MON",11,2065,0.07
"관악구","MON",12,2221,0.08
"관악구","MON",13,1705,0.06
"관악구","MON",14,1426,0.05
"관악구","MON",15,1289,0.04
"관악구","MON",16,1503,0.05
"관악구","MON",17,2417,0.08
"관악구","MON",18,3404,0.12
"관악구","MON",19,3457,0.12
"관악구","MON",20,2898,0.1
"관악구","MON",21,2217,0.08
"관악구","MON",22,1684,0.06
"관악구","MON",23,1325,0.05
"관악구","SAT",9,578,0.02
"관악구","SAT",10,1203,0.03
"관악구","SAT",11,2582,0.07
"관악구","SAT",12,2942,0.08
"관악구","SAT",13,2598,0.07
"관악구","SAT",14,2210,0.06
"관악구","SAT",15,1871,0.05
"관악구","SAT",16,1983,0.06
"관악구","SAT",17,2848,0.08
"관악구","SAT",18,3538,0.1
"관악구","SAT",19,3431,0.1
"관악구","SAT",20,3063,0.09
"관악구","SAT",21,2584,0.07
"관악구","SAT",22,1996,0.06
"관악구","SAT",23,1574,0.04
"관악구","SUN",9,623,0.02
"관악구","SUN",10,1219,0.03
"관악구","SUN",11,2619,0.07
"관악구","SUN",12,3058,0.08
"관악구","SUN",13,2624,0.07
"관악구","SUN",14,2326,0.06
"관악구","SUN",15,2034,0.06
"관악구","SUN",16,2153,0.06
"관악구","SUN",17,3102,0.08
"관악구","SUN",18,3819,0.1
"관악구","SUN",19,3634,0.1
"관악구","SUN",20,3272,0.09
"관악구","SUN",21,2693,0.07
"관악구","SUN",22,1896,0.05
"관악구","SUN",23,1516,0.04
"관악구","THU",9,537,0.01
"관악구","THU",10,1129,0.03
"관악구","THU",11,2622,0.07
"관악구","THU",12,2532,0.06
"관악구","THU",13,1772,0.05
"관악구","THU",14,1572,0.04
"관악구","THU",15,1361,0.03
"관악구","THU",16,1696,0.04
"관악구","THU",17,2889,0.07
"관악구","THU",18,4852,0.12
"관악구","THU",19,5343,0.14
"관악구","THU",20,4466,0.11
"관악구","THU",21,3409,0.09
"관악구","THU",22,2741,0.07
"관악구","THU",23,2220,0.06
"관악구","TUE",9,354,0.02
"관악구","TUE",10,629,0.03
"관악구","TUE",11,1527,0.07
"관악구","TUE",12,1567,0.07
"관악구","TUE",13,1071,0.05
"관악구","TUE",14,932,0.04
"관악구","TUE",15,917,0.04
"관악구","TUE",16,1082,0.05
"관악구","TUE",17,1752,0.07
"관악구","TUE",18,2847,0.12
"관악구","TUE",19,3303,0.14
"관악구","TUE",20,2629,0.11
"관악구","TUE",21,1914,0.08
"관악구","TUE",22,1653,0.07
"관악구","TUE",23,1233,0.05
"관악구","WED",9,345,0.01
"관악구","WED",10,667,0.03
"관악구","WED",11,1565,0.07
"관악구","WED",12,1565,0.07
"관악구","WED",13,1107,0.05
"관악구","WED",14,986,0.04
"관악구","WED",15,898,0.04
"관악구","WED",16,1082,0.05
"관악구","WED",17,1804,0.08
"관악구","WED",18,2966,0.12
"관악구","WED",19,3220,0.14
"관악구","WED",20,2635,0.11
"관악구","WED",21,1946,0.08
"관악구","WED",22,1703,0.07
"관악구","WED",23,1320,0.06
"광진구","FRI",9,181,0.01
"광진구","FRI",10,373,0.03
"광진구","FRI",11,1069,0.08
"광진구","FRI",12,1115,0.08
"광진구","FRI",13,924,0.07
"광진구","FRI",14,771,0.06
"광진구","FRI",15,686,0.05
"광진구","FRI",16,759,0.06
"광진구","FRI",17,1212,0.09
"광진구","FRI",18,1617,0.12
"광진구","FRI",19,1604,0.12
"광진구","FRI",20,1170,0.09
"광진구","FRI",21,1018,0.07
"광진구","FRI",22,760,0.06
"광진구","FRI",23,452,0.03
"광진구","MON",9,153,0.01
"광진구","MON",10,361,0.03
"광진구","MON",11,1003,0.08
"광진구","MON",12,981,0.08
"광진구","MON",13,773,0.06
"광진구","MON",14,613,0.05
"광진구","MON",15,598,0.05
"광진구","MON",16,638,0.05
"광진구","MON",17,1033,0.09
"광진구","MON",18,1500,0.13
"광진구","MON",19,1553,0.13
"광진구","MON",20,1029,0.09
"광진구","MON",21,722,0.06
"광진구","MON",22,598,0.05
"광진구","MON",23,348,0.03
"광진구","SAT",9,230,0.02
"광진구","SAT",10,500,0.04
"광진구","SAT",11,1145,0.08
"광진구","SAT",12,1160,0.08
"광진구","SAT",13,1003,0.07
"광진구","SAT",14,900,0.06
"광진구","SAT",15,707,0.05
"광진구","SAT",16,805,0.06
"광진구","SAT",17,1205,0.08
"광진구","SAT",18,1628,0.11
"광진구","SAT",19,1559,0.11
"광진구","SAT",20,1206,0.08
"광진구","SAT",21,979,0.07
"광진구","SAT",22,695,0.05
"광진구","SAT",23,483,0.03
"광진구","SUN",9,234,0.02
"광진구","SUN",10,459,0.03
"광진구","SUN",11,1023,0.07
"광진구","SUN",12,1307,0.09
"광진구","SUN",13,1209,0.08
"광진구","SUN",14,959,0.06
"광진구","SUN",15,806,0.05
"광진구","SUN",16,927,0.06
"광진구","SUN",17,1322,0.09
"광진구","SUN",18,1677,0.11
"광진구","SUN",19,1580,0.11
"광진구","SUN",20,1233,0.08
"광진구","SUN",21,981,0.07
"광진구","SUN",22,627,0.04
"광진구","SUN",23,413,0.03
"광진구","THU",9,173,0.01
"광진구","THU",10,426,0.03
"광진구","THU",11,1274,0.08
"광진구","THU",12,1159,0.07
"광진구","THU",13,884,0.05
"광진구","THU",14,679,0.04
"광진구","THU",15,615,0.04
"광진구","THU",16,771,0.05
"광진구","THU",17,1287,0.08
"광진구","THU",18,2190,0.14
"광진구","THU",19,2252,0.14
"광진구","THU",20,1743,0.11
"광진구","THU",21,1220,0.08
"광진구","THU",22,945,0.06
"광진구","THU",23,598,0.04
"광진구","TUE",9,109,0.01
"광진구","TUE",10,252,0.03
"광진구","TUE",11,759,0.08
"광진구","TUE",12,749,0.07
"광진구","TUE",13,535,0.05
"광진구","TUE",14,437,0.04
"광진구","TUE",15,354,0.04
"광진구","TUE",16,535,0.05
"광진구","TUE",17,866,0.09
"광진구","TUE",18,1324,0.13
"광진구","TUE",19,1388,0.14
"광진구","TUE",20,1060,0.11
"광진구","TUE",21,745,0.07
"광진구","TUE",22,529,0.05
"광진구","TUE",23,352,0.04
"광진구","WED",9,123,0.01
"광진구","WED",10,273,0.03
"광진구","WED",11,826,0.08
"광진구","WED",12,760,0.07
"광진구","WED",13,578,0.05
"광진구","WED",14,477,0.05
"광진구","WED",15,442,0.04
"광진구","WED",16,502,0.05
"광진구","WED",17,867,0.08
"광진구","WED",18,1463,0.14
"광진구","WED",19,1463,0.14
"광진구","WED",20,1141,0.11
"광진구","WED",21,710,0.07
"광진구","WED",22,535,0.05
"광진구","WED",23,368,0.03
"구로구","FRI",9,106,0.01
"구로구","FRI",10,305,0.03
"구로구","FRI",11,789,0.08
"구로구","FRI",12,785,0.08
"구로구","FRI",13,635,0.06
"구로구","FRI",14,519,0.05
"구로구","FRI",15,457,0.04
"구로구","FRI",16,544,0.05
"구로구","FRI",17,927,0.09
"구로구","FRI",18,1499,0.14
"구로구","FRI",19,1319,0.13
"구로구","FRI",20,970,0.09
"구로구","FRI",21,752,0.07
"구로구","FRI",22,489,0.05
"구로구","FRI",23,297,0.03
"구로구","MON",9,94,0.01
"구로구","MON",10,243,0.03
"구로구","MON",11,633,0.08
"구로구","MON",12,651,0.08
"구로구","MON",13,510,0.06
"구로구","MON",14,361,0.04
"구로구","MON",15,375,0.05
"구로구","MON",16,412,0.05
"구로구","MON",17,807,0.1
"구로구","MON",18,1223,0.15
"구로구","MON",19,1140,0.14
"구로구","MON",20,809,0.1
"구로구","MON",21,509,0.06
"구로구","MON",22,370,0.04
"구로구","MON",23,181,0.02
"구로구","SAT",9,115,0.01
"구로구","SAT",10,341,0.03
"구로구","SAT",11,815,0.07
"구로구","SAT",12,891,0.08
"구로구","SAT",13,781,0.07
"구로구","SAT",14,616,0.06
"구로구","SAT",15,539,0.05
"구로구","SAT",16,625,0.06
"구로구","SAT",17,1072,0.1
"구로구","SAT",18,1393,0.13
"구로구","SAT",19,1205,0.11
"구로구","SAT",20,924,0.08
"구로구","SAT",21,746,0.07
"구로구","SAT",22,499,0.05
"구로구","SAT",23,322,0.03
"구로구","SUN",9,111,0.01
"구로구","SUN",10,306,0.03
"구로구","SUN",11,741,0.07
"구로구","SUN",12,887,0.09
"구로구","SUN",13,768,0.08
"구로구","SUN",14,630,0.06
"구로구","SUN",15,545,0.05
"구로구","SUN",16,608,0.06
"구로구","SUN",17,1107,0.11
"구로구","SUN",18,1297,0.13
"구로구","SUN",19,1109,0.11
"구로구","SUN",20,830,0.08
"구로구","SUN",21,555,0.05
"구로구","SUN",22,448,0.04
"구로구","SUN",23,227,0.02
"구로구","THU",9,120,0.01
"구로구","THU",10,312,0.03
"구로구","THU",11,874,0.08
"구로구","THU",12,765,0.07
"구로구","THU",13,565,0.05
"구로구","THU",14,410,0.04
"구로구","THU",15,364,0.03
"구로구","THU",16,488,0.04
"구로구","THU",17,893,0.08
"구로구","THU",18,1697,0.15
"구로구","THU",19,1666,0.15
"구로구","THU",20,1185,0.11
"구로구","THU",21,855,0.08
"구로구","THU",22,615,0.06
"구로구","THU",23,357,0.03
"구로구","TUE",9,57,0.01
"구로구","TUE",10,181,0.03
"구로구","TUE",11,528,0.09
"구로구","TUE",12,458,0.07
"구로구","TUE",13,318,0.05
"구로구","TUE",14,242,0.04
"구로구","TUE",15,213,0.03
"구로구","TUE",16,292,0.05
"구로구","TUE",17,537,0.09
"구로구","TUE",18,859,0.14
"구로구","TUE",19,955,0.15
"구로구","TUE",20,604,0.1
"구로구","TUE",21,449,0.07
"구로구","TUE",22,334,0.05
"구로구","TUE",23,164,0.03
"구로구","WED",9,80,0.01
"구로구","WED",10,185,0.03
"구로구","WED",11,557,0.08
"구로구","WED",12,437,0.06
"구로구","WED",13,308,0.05
"구로구","WED",14,305,0.05
"구로구","WED",15,213,0.03
"구로구","WED",16,276,0.04
"구로구","WED",17,558,0.08
"구로구","WED",18,989,0.15
"구로구","WED",19,1057,0.16
"구로구","WED",20,754,0.11
"구로구","WED",21,489,0.07
"구로구","WED",22,341,0.05
"구로구","WED",23,184,0.03
"금천구","FRI",9,134,0.02
"금천구","FRI",10,290,0.03
"금천구","FRI",11,705,0.08
"금천구","FRI",12,679,0.08
"금천구","FRI",13,554,0.07
"금천구","FRI",14,387,0.05
"금천구","FRI",15,387,0.05
"금천구","FRI",16,431,0.05
"금천구","FRI",17,686,0.08
"금천구","FRI",18,979,0.12
"금천구","FRI",19,1100,0.13
"금천구","FRI",20,748,0.09
"금천구","FRI",21,671,0.08
"금천구","FRI",22,441,0.05
"금천구","FRI",23,252,0.03
"금천구","MON",9,78,0.01
"금천구","MON",10,262,0.04
"금천구","MON",11,625,0.09
"금천구","MON",12,610,0.09
"금천구","MON",13,388,0.05
"금천구","MON",14,355,0.05
"금천구","MON",15,352,0.05
"금천구","MON",16,385,0.05
"금천구","MON",17,546,0.08
"금천구","MON",18,863,0.12
"금천구","MON",19,968,0.13
"금천구","MON",20,750,0.1
"금천구","MON",21,468,0.07
"금천구","MON",22,339,0.05
"금천구","MON",23,183,0.03
"금천구","SAT",9,126,0.01
"금천구","SAT",10,309,0.04
"금천구","SAT",11,667,0.08
"금천구","SAT",12,759,0.09
"금천구","SAT",13,623,0.07
"금천구","SAT",14,556,0.06
"금천구","SAT",15,423,0.05
"금천구","SAT",16,476,0.05
"금천구","SAT",17,773,0.09
"금천구","SAT",18,957,0.11
"금천구","SAT",19,896,0.1
"금천구","SAT",20,782,0.09
"금천구","SAT",21,634,0.07
"금천구","SAT",22,473,0.05
"금천구","SAT",23,267,0.03
"금천구","SUN",9,132,0.01
"금천구","SUN",10,322,0.04
"금천구","SUN",11,638,0.07
"금천구","SUN",12,757,0.09
"금천구","SUN",13,641,0.07
"금천구","SUN",14,555,0.06
"금천구","SUN",15,482,0.05
"금천구","SUN",16,569,0.06
"금천구","SUN",17,830,0.09
"금천구","SUN",18,1044,0.12
"금천구","SUN",19,1003,0.11
"금천구","SUN",20,773,0.09
"금천구","SUN",21,487,0.06
"금천구","SUN",22,330,0.04
"금천구","SUN",23,240,0.03
"금천구","THU",9,121,0.01
"금천구","THU",10,338,0.04
"금천구","THU",11,845,0.09
"금천구","THU",12,692,0.07
"금천구","THU",13,449,0.05
"금천구","THU",14,351,0.04
"금천구","THU",15,291,0.03
"금천구","THU",16,376,0.04
"금천구","THU",17,682,0.07
"금천구","THU",18,1331,0.14
"금천구","THU",19,1444,0.15
"금천구","THU",20,1058,0.11
"금천구","THU",21,764,0.08
"금천구","THU",22,556,0.06
"금천구","THU",23,307,0.03
"금천구","TUE",9,55,0.01
"금천구","TUE",10,149,0.03
"금천구","TUE",11,498,0.09
"금천구","TUE",12,410,0.07
"금천구","TUE",13,294,0.05
"금천구","TUE",14,197,0.04
"금천구","TUE",15,178,0.03
"금천구","TUE",16,220,0.04
"금천구","TUE",17,430,0.08
"금천구","TUE",18,740,0.13
"금천구","TUE",19,769,0.14
"금천구","TUE",20,611,0.11
"금천구","TUE",21,481,0.09
"금천구","TUE",22,286,0.05
"금천구","TUE",23,198,0.04
"금천구","WED",9,83,0.01
"금천구","WED",10,182,0.03
"금천구","WED",11,514,0.08
"금천구","WED",12,426,0.07
"금천구","WED",13,318,0.05
"금천구","WED",14,221,0.04
"금천구","WED",15,224,0.04
"금천구","WED",16,244,0.04
"금천구","WED",17,472,0.08
"금천구","WED",18,853,0.14
"금천구","WED",19,930,0.15
"금천구","WED",20,755,0.12
"금천구","WED",21,499,0.08
"금천구","WED",22,329,0.05
"금천구","WED",23,190,0.03
"노원구","FRI",9,118,0.01
"노원구","FRI",10,390,0.03
"노원구","FRI",11,1112,0.08
"노원구","FRI",12,1270,0.09
"노원구","FRI",13,1012,0.07
"노원구","FRI",14,729,0.05
"노원구","FRI",15,670,0.05
"노원구","FRI",16,842,0.06
"노원구","FRI",17,1443,0.1
"노원구","FRI",18,1789,0.12
"노원구","FRI",19,1763,0.12
"노원구","FRI",20,1271,0.09
"노원구","FRI",21,926,0.06
"노원구","FRI",22,645,0.04
"노원구","FRI",23,402,0.03
"노원구","MON",9,113,0.01
"노원구","MON",10,309,0.03
"노원구","MON",11,946,0.08
"노원구","MON",12,1031,0.09
"노원구","MON",13,744,0.06
"노원구","MON",14,608,0.05
"노원구","MON",15,500,0.04
"노원구","MON",16,618,0.05
"노원구","MON",17,1108,0.1
"노원구","MON",18,1687,0.15
"노원구","MON",19,1555,0.13
"노원구","MON",20,1129,0.1
"노원구","MON",21,657,0.06
"노원구","MON",22,386,0.03
"노원구","MON",23,211,0.02
"노원구","SAT",9,195,0.01
"노원구","SAT",10,449,0.03
"노원구","SAT",11,1180,0.08
"노원구","SAT",12,1235,0.08
"노원구","SAT",13,1148,0.08
"노원구","SAT",14,826,0.06
"노원구","SAT",15,740,0.05
"노원구","SAT",16,872,0.06
"노원구","SAT",17,1417,0.09
"노원구","SAT",18,1935,0.13
"노원구","SAT",19,1714,0.11
"노원구","SAT",20,1267,0.08
"노원구","SAT",21,918,0.06
"노원구","SAT",22,670,0.04
"노원구","SAT",23,351,0.02
"노원구","SUN",9,141,0.01
"노원구","SUN",10,421,0.03
"노원구","SUN",11,1082,0.08
"노원구","SUN",12,1297,0.09
"노원구","SUN",13,1093,0.08
"노원구","SUN",14,844,0.06
"노원구","SUN",15,777,0.05
"노원구","SUN",16,891,0.06
"노원구","SUN",17,1544,0.11
"노원구","SUN",18,1881,0.13
"노원구","SUN",19,1622,0.11
"노원구","SUN",20,1225,0.08
"노원구","SUN",21,812,0.06
"노원구","SUN",22,496,0.03
"노원구","SUN",23,287,0.02
"노원구","THU",9,144,0.01
"노원구","THU",10,393,0.03
"노원구","THU",11,1136,0.07
"노원구","THU",12,1176,0.08
"노원구","THU",13,742,0.05
"노원구","THU",14,624,0.04
"노원구","THU",15,576,0.04
"노원구","THU",16,777,0.05
"노원구","THU",17,1234,0.08
"노원구","THU",18,2194,0.14
"노원구","THU",19,2277,0.15
"노원구","THU",20,1670,0.11
"노원구","THU",21,1062,0.07
"노원구","THU",22,770,0.05
"노원구","THU",23,421,0.03
"노원구","TUE",9,99,0.01
"노원구","TUE",10,258,0.03
"노원구","TUE",11,736,0.08
"노원구","TUE",12,675,0.08
"노원구","TUE",13,465,0.05
"노원구","TUE",14,401,0.04
"노원구","TUE",15,322,0.04
"노원구","TUE",16,483,0.05
"노원구","TUE",17,801,0.09
"노원구","TUE",18,1281,0.14
"노원구","TUE",19,1321,0.15
"노원구","TUE",20,939,0.1
"노원구","TUE",21,621,0.07
"노원구","TUE",22,364,0.04
"노원구","TUE",23,219,0.02
"노원구","WED",9,92,0.01
"노원구","WED",10,215,0.02
"노원구","WED",11,694,0.07
"노원구","WED",12,686,0.07
"노원구","WED",13,508,0.05
"노원구","WED",14,378,0.04
"노원구","WED",15,357,0.04
"노원구","WED",16,488,0.05
"노원구","WED",17,849,0.09
"노원구","WED",18,1425,0.15
"노원구","WED",19,1396,0.15
"노원구","WED",20,1001,0.11
"노원구","WED",21,649,0.07
"노원구","WED",22,420,0.04
"노원구","WED",23,238,0.03
"도봉구","FRI",9,68,0.01
"도봉구","FRI",10,157,0.03
"도봉구","FRI",11,396,0.07
"도봉구","FRI",12,457,0.08
"도봉구","FRI",13,340,0.06
"도봉구","FRI",14,312,0.05
"도봉구","FRI",15,236,0.04
"도봉구","FRI",16,318,0.06
"도봉구","FRI",17,559,0.1
"도봉구","FRI",18,799,0.14
"도봉구","FRI",19,737,0.13
"도봉구","FRI",20,535,0.09
"도봉구","FRI",21,383,0.07
"도봉구","FRI",22,281,0.05
"도봉구","FRI",23,168,0.03
"도봉구","MON",9,52,0.01
"도봉구","MON",10,146,0.03
"도봉구","MON",11,304,0.07
"도봉구","MON",12,371,0.08
"도봉구","MON",13,265,0.06
"도봉구","MON",14,208,0.05
"도봉구","MON",15,214,0.05
"도봉구","MON",16,271,0.06
"도봉구","MON",17,415,0.09
"도봉구","MON",18,634,0.14
"도봉구","MON",19,666,0.15
"도봉구","MON",20,433,0.09
"도봉구","MON",21,275,0.06
"도봉구","MON",22,184,0.04
"도봉구","MON",23,133,0.03
"도봉구","SAT",9,62,0.01
"도봉구","SAT",10,194,0.03
"도봉구","SAT",11,439,0.07
"도봉구","SAT",12,512,0.08
"도봉구","SAT",13,477,0.08
"도봉구","SAT",14,356,0.06
"도봉구","SAT",15,315,0.05
"도봉구","SAT",16,363,0.06
"도봉구","SAT",17,598,0.1
"도봉구","SAT",18,725,0.12
"도봉구","SAT",19,740,0.12
"도봉구","SAT",20,563,0.09
"도봉구","SAT",21,389,0.06
"도봉구","SAT",22,314,0.05
"도봉구","SAT",23,158,0.03
"도봉구","SUN",9,81,0.01
"도봉구","SUN",10,189,0.03
"도봉구","SUN",11,419,0.07
"도봉구","SUN",12,502,0.09
"도봉구","SUN",13,432,0.07
"도봉구","SUN",14,303,0.05
"도봉구","SUN",15,335,0.06
"도봉구","SUN",16,347,0.06
"도봉구","SUN",17,642,0.11
"도봉구","SUN",18,734,0.13
"도봉구","SUN",19,659,0.11
"도봉구","SUN",20,501,0.09
"도봉구","SUN",21,324,0.06
"도봉구","SUN",22,213,0.04
"도봉구","SUN",23,141,0.02
"도봉구","THU",9,54,0.01
"도봉구","THU",10,144,0.02
"도봉구","THU",11,373,0.06
"도봉구","THU",12,401,0.07
"도봉구","THU",13,313,0.05
"도봉구","THU",14,217,0.04
"도봉구","THU",15,213,0.04
"도봉구","THU",16,280,0.05
"도봉구","THU",17,517,0.09
"도봉구","THU",18,849,0.14
"도봉구","THU",19,970,0.16
"도봉구","THU",20,646,0.11
"도봉구","THU",21,466,0.08
"도봉구","THU",22,352,0.06
"도봉구","THU",23,199,0.03
"도봉구","TUE",9,37,0.01
"도봉구","TUE",10,91,0.03
"도봉구","TUE",11,214,0.06
"도봉구","TUE",12,249,0.07
"도봉구","TUE",13,200,0.06
"도봉구","TUE",14,138,0.04
"도봉구","TUE",15,124,0.04
"도봉구","TUE",16,168,0.05
"도봉구","TUE",17,333,0.1
"도봉구","TUE",18,474,0.14
"도봉구","TUE",19,485,0.15
"도봉구","TUE",20,312,0.09
"도봉구","TUE",21,249,0.07
"도봉구","TUE",22,138,0.04
"도봉구","TUE",23,121,0.04
"도봉구","WED",9,44,0.01
"도봉구","WED",10,95,0.03
"도봉구","WED",11,231,0.06
"도봉구","WED",12,236,0.06
"도봉구","WED",13,190,0.05
"도봉구","WED",14,160,0.04
"도봉구","WED",15,153,0.04
"도봉구","WED",16,195,0.05
"도봉구","WED",17,305,0.08
"도봉구","WED",18,518,0.14
"도봉구","WED",19,607,0.17
"도봉구","WED",20,415,0.11
"도봉구","WED",21,233,0.06
"도봉구","WED",22,175,0.05
"도봉구","WED",23,117,0.03
"동대문구","FRI",9,182,0.01
"동대문구","FRI",10,403,0.03
"동대문구","FRI",11,932,0.08
"동대문구","FRI",12,1026,0.08
"동대문구","FRI",13,860,0.07
"동대문구","FRI",14,668,0.05
"동대문구","FRI",15,575,0.05
"동대문구","FRI",16,690,0.06
"동대문구","FRI",17,1108,0.09
"동대문구","FRI",18,1511,0.12
"동대문구","FRI",19,1493,0.12
"동대문구","FRI",20,1110,0.09
"동대문구","FRI",21,837,0.07
"동대문구","FRI",22,591,0.05
"동대문구","FRI",23,363,0.03
"동대문구","MON",9,139,0.01
"동대문구","MON",10,331,0.03
"동대문구","MON",11,823,0.08
"동대문구","MON",12,865,0.08
"동대문구","MON",13,675,0.07
"동대문구","MON",14,519,0.05
"동대문구","MON",15,457,0.04
"동대문구","MON",16,499,0.05
"동대문구","MON",17,827,0.08
"동대문구","MON",18,1410,0.14
"동대문구","MON",19,1421,0.14
"동대문구","MON",20,899,0.09
"동대문구","MON",21,665,0.06
"동대문구","MON",22,482,0.05
"동대문구","MON",23,269,0.03
"동대문구","SAT",9,220,0.02
"동대문구","SAT",10,485,0.04
"동대문구","SAT",11,1066,0.08
"동대문구","SAT",12,1167,0.09
"동대문구","SAT",13,1006,0.08
"동대문구","SAT",14,797,0.06
"동대문구","SAT",15,643,0.05
"동대문구","SAT",16,771,0.06
"동대문구","SAT",17,1071,0.08
"동대문구","SAT",18,1511,0.11
"동대문구","SAT",19,1467,0.11
"동대문구","SAT",20,1127,0.09
"동대문구","SAT",21,858,0.07
"동대문구","SAT",22,604,0.05
"동대문구","SAT",23,391,0.03
"동대문구","SUN",9,190,0.01
"동대문구","SUN",10,442,0.03
"동대문구","SUN",11,929,0.07
"동대문구","SUN",12,1216,0.1
"동대문구","SUN",13,946,0.07
"동대문구","SUN",14,786,0.06
"동대문구","SUN",15,696,0.05
"동대문구","SUN",16,737,0.06
"동대문구","SUN",17,1239,0.1
"동대문구","SUN",18,1457,0.11
"동대문구","SUN",19,1376,0.11
"동대문구","SUN",20,1053,0.08
"동대문구","SUN",21,795,0.06
"동대문구","SUN",22,522,0.04
"동대문구","SUN",23,340,0.03
"동대문구","THU",9,184,0.01
"동대문구","THU",10,447,0.03
"동대문구","THU",11,1203,0.08
"동대문구","THU",12,1091,0.08
"동대문구","THU",13,764,0.05
"동대문구","THU",14,562,0.04
"동대문구","THU",15,493,0.03
"동대문구","THU",16,656,0.05
"동대문구","THU",17,1181,0.08
"동대문구","THU",18,1919,0.13
"동대문구","THU",19,2054,0.14
"동대문구","THU",20,1528,0.11
"동대문구","THU",21,1053,0.07
"동대문구","THU",22,793,0.05
"동대문구","THU",23,534,0.04
"동대문구","TUE",9,115,0.01
"동대문구","TUE",10,245,0.03
"동대문구","TUE",11,771,0.09
"동대문구","TUE",12,710,0.08
"동대문구","TUE",13,477,0.05
"동대문구","TUE",14,348,0.04
"동대문구","TUE",15,280,0.03
"동대문구","TUE",16,413,0.05
"동대문구","TUE",17,729,0.08
"동대문구","TUE",18,1243,0.14
"동대문구","TUE",19,1222,0.14
"동대문구","TUE",20,907,0.1
"동대문구","TUE",21,601,0.07
"동대문구","TUE",22,528,0.06
"동대문구","TUE",23,305,0.03
"동대문구","WED",9,123,0.01
"동대문구","WED",10,274,0.03
"동대문구","WED",11,812,0.09
"동대문구","WED",12,723,0.08
"동대문구","WED",13,501,0.05
"동대문구","WED",14,405,0.04
"동대문구","WED",15,342,0.04
"동대문구","WED",16,434,0.05
"동대문구","WED",17,766,0.08
"동대문구","WED",18,1284,0.14
"동대문구","WED",19,1239,0.13
"동대문구","WED",20,954,0.1
"동대문구","WED",21,677,0.07
"동대문구","WED",22,442,0.05
"동대문구","WED",23,309,0.03
"동작구","FRI",9,120,0.01
"동작구","FRI",10,340,0.03
"동작구","FRI",11,909,0.08
"동작구","FRI",12,988,0.08
"동작구","FRI",13,771,0.07
"동작구","FRI",14,641,0.05
"동작구","FRI",15,534,0.05
"동작구","FRI",16,721,0.06
"동작구","FRI",17,1028,0.09
"동작구","FRI",18,1504,0.13
"동작구","FRI",19,1468,0.12
"동작구","FRI",20,980,0.08
"동작구","FRI",21,821,0.07
"동작구","FRI",22,593,0.05
"동작구","FRI",23,349,0.03
"동작구","MON",9,98,0.01
"동작구","MON",10,253,0.03
"동작구","MON",11,774,0.08
"동작구","MON",12,774,0.08
"동작구","MON",13,620,0.07
"동작구","MON",14,484,0.05
"동작구","MON",15,436,0.05
"동작구","MON",16,547,0.06
"동작구","MON",17,917,0.1
"동작구","MON",18,1272,0.13
"동작구","MON",19,1281,0.13
"동작구","MON",20,847,0.09
"동작구","MON",21,571,0.06
"동작구","MON",22,401,0.04
"동작구","MON",23,227,0.02
"동작구","SAT",9,155,0.01
"동작구","SAT",10,334,0.03
"동작구","SAT",11,948,0.08
"동작구","SAT",12,1046,0.08
"동작구","SAT",13,909,0.07
"동작구","SAT",14,774,0.06
"동작구","SAT",15,695,0.06
"동작구","SAT",16,747,0.06
"동작구","SAT",17,1184,0.09
"동작구","SAT",18,1534,0.12
"동작구","SAT",19,1423,0.11
"동작구","SAT",20,1052,0.08
"동작구","SAT",21,782,0.06
"동작구","SAT",22,604,0.05
"동작구","SAT",23,343,0.03
"동작구","SUN",9,132,0.01
"동작구","SUN",10,298,0.03
"동작구","SUN",11,870,0.07
"동작구","SUN",12,1029,0.09
"동작구","SUN",13,912,0.08
"동작구","SUN",14,730,0.06
"동작구","SUN",15,626,0.05
"동작구","SUN",16,737,0.06
"동작구","SUN",17,1214,0.1
"동작구","SUN",18,1459,0.12
"동작구","SUN",19,1297,0.11
"동작구","SUN",20,918,0.08
"동작구","SUN",21,689,0.06
"동작구","SUN",22,479,0.04
"동작구","SUN",23,318,0.03
"동작구","THU",9,131,0.01
"동작구","THU",10,287,0.02
"동작구","THU",11,897,0.07
"동작구","THU",12,932,0.07
"동작구","THU",13,668,0.05
"동작구","THU",14,556,0.04
"동작구","THU",15,452,0.04
"동작구","THU",16,585,0.05
"동작구","THU",17,1158,0.09
"동작구","THU",18,1781,0.14
"동작구","THU",19,1887,0.15
"동작구","THU",20,1292,0.1
"동작구","THU",21,995,0.08
"동작구","THU",22,673,0.05
"동작구","THU",23,435,0.03
"동작구","TUE",9,85,0.01
"동작구","TUE",10,185,0.02
"동작구","TUE",11,584,0.08
"동작구","TUE",12,567,0.07
"동작구","TUE",13,419,0.06
"동작구","TUE",14,348,0.05
"동작구","TUE",15,294,0.04
"동작구","TUE",16,381,0.05
"동작구","TUE",17,707,0.09
"동작구","TUE",18,1031,0.14
"동작구","TUE",19,1048,0.14
"동작구","TUE",20,774,0.1
"동작구","TUE",21,511,0.07
"동작구","TUE",22,376,0.05
"동작구","TUE",23,261,0.03
"동작구","WED",9,86,0.01
"동작구","WED",10,202,0.03
"동작구","WED",11,603,0.08
"동작구","WED",12,551,0.07
"동작구","WED",13,412,0.05
"동작구","WED",14,336,0.04
"동작구","WED",15,291,0.04
"동작구","WED",16,373,0.05
"동작구","WED",17,707,0.09
"동작구","WED",18,1070,0.14
"동작구","WED",19,1118,0.15
"동작구","WED",20,804,0.1
"동작구","WED",21,532,0.07
"동작구","WED",22,384,0.05
"동작구","WED",23,227,0.03
"마포구","FRI",9,342,0.02
"마포구","FRI",10,727,0.03
"마포구","FRI",11,1874,0.08
"마포구","FRI",12,1946,0.09
"마포구","FRI",13,1492,0.07
"마포구","FRI",14,1197,0.05
"마포구","FRI",15,1035,0.05
"마포구","FRI",16,1179,0.05
"마포구","FRI",17,1985,0.09
"마포구","FRI",18,2744,0.12
"마포구","FRI",19,2559,0.12
"마포구","FRI",20,1860,0.08
"마포구","FRI",21,1398,0.06
"마포구","FRI",22,1038,0.05
"마포구","FRI",23,705,0.03
"마포구","MON",9,303,0.02
"마포구","MON",10,565,0.03
"마포구","MON",11,1647,0.09
"마포구","MON",12,1604,0.09
"마포구","MON",13,1172,0.06
"마포구","MON",14,949,0.05
"마포구","MON",15,799,0.04
"마포구","MON",16,966,0.05
"마포구","MON",17,1590,0.09
"마포구","MON",18,2420,0.13
"마포구","MON",19,2315,0.13
"마포구","MON",20,1519,0.08
"마포구","MON",21,1049,0.06
"마포구","MON",22,656,0.04
"마포구","MON",23,522,0.03
"마포구","SAT",9,361,0.02
"마포구","SAT",10,752,0.03
"마포구","SAT",11,1895,0.09
"마포구","SAT",12,2073,0.09
"마포구","SAT",13,1668,0.08
"마포구","SAT",14,1328,0.06
"마포구","SAT",15,1173,0.05
"마포구","SAT",16,1235,0.06
"마포구","SAT",17,1907,0.09
"마포구","SAT",18,2617,0.12
"마포구","SAT",19,2413,0.11
"마포구","SAT",20,1846,0.08
"마포구","SAT",21,1242,0.06
"마포구","SAT",22,918,0.04
"마포구","SAT",23,671,0.03
"마포구","SUN",9,356,0.02
"마포구","SUN",10,710,0.03
"마포구","SUN",11,1715,0.08
"마포구","SUN",12,2060,0.09
"마포구","SUN",13,1621,0.07
"마포구","SUN",14,1361,0.06
"마포구","SUN",15,1132,0.05
"마포구","SUN",16,1243,0.06
"마포구","SUN",17,2049,0.09
"마포구","SUN",18,2550,0.12
"마포구","SUN",19,2445,0.11
"마포구","SUN",20,1854,0.09
"마포구","SUN",21,1204,0.06
"마포구","SUN",22,826,0.04
"마포구","SUN",23,578,0.03
"마포구","THU",9,381,0.01
"마포구","THU",10,848,0.03
"마포구","THU",11,2551,0.1
"마포구","THU",12,2114,0.08
"마포구","THU",13,1557,0.06
"마포구","THU",14,1095,0.04
"마포구","THU",15,958,0.04
"마포구","THU",16,1196,0.05
"마포구","THU",17,2178,0.08
"마포구","THU",18,3544,0.14
"마포구","THU",19,3530,0.14
"마포구","THU",20,2419,0.09
"마포구","THU",21,1729,0.07
"마포구","THU",22,1074,0.04
"마포구","THU",23,850,0.03
"마포구","TUE",9,189,0.01
"마포구","TUE",10,448,0.03
"마포구","TUE",11,1561,0.1
"마포구","TUE",12,1360,0.09
"마포구","TUE",13,899,0.06
"마포구","TUE",14,643,0.04
"마포구","TUE",15,618,0.04
"마포구","TUE",16,774,0.05
"마포구","TUE",17,1295,0.08
"마포구","TUE",18,2161,0.14
"마포구","TUE",19,2170,0.14
"마포구","TUE",20,1472,0.09
"마포구","TUE",21,1004,0.06
"마포구","TUE",22,732,0.05
"마포구","TUE",23,527,0.03
"마포구","WED",9,231,0.01
"마포구","WED",10,531,0.03
"마포구","WED",11,1589,0.1
"마포구","WED",12,1343,0.08
"마포구","WED",13,959,0.06
"마포구","WED",14,701,0.04
"마포구","WED",15,682,0.04
"마포구","WED",16,724,0.04
"마포구","WED",17,1362,0.08
"마포구","WED",18,2313,0.14
"마포구","WED",19,2339,0.14
"마포구","WED",20,1545,0.09
"마포구","WED",21,977,0.06
"마포구","WED",22,727,0.04
"마포구","WED",23,512,0.03
"서대문구","FRI",9,99,0.01
"서대문구","FRI",10,252,0.03
"서대문구","FRI",11,762,0.08
"서대문구","FRI",12,837,0.08
"서대문구","FRI",13,576,0.06
"서대문구","FRI",14,485,0.05
"서대문구","FRI",15,424,0.04
"서대문구","FRI",16,563,0.06
"서대문구","FRI",17,1043,0.11
"서대문구","FRI",18,1301,0.13
"서대문구","FRI",19,1133,0.11
"서대문구","FRI",20,868,0.09
"서대문구","FRI",21,673,0.07
"서대문구","FRI",22,513,0.05
"서대문구","FRI",23,342,0.03
"서대문구","MON",9,118,0.01
"서대문구","MON",10,234,0.03
"서대문구","MON",11,659,0.08
"서대문구","MON",12,672,0.08
"서대문구","MON",13,559,0.07
"서대문구","MON",14,375,0.05
"서대문구","MON",15,334,0.04
"서대문구","MON",16,446,0.05
"서대문구","MON",17,782,0.1
"서대문구","MON",18,1153,0.14
"서대문구","MON",19,1046,0.13
"서대문구","MON",20,699,0.09
"서대문구","MON",21,496,0.06
"서대문구","MON",22,362,0.04
"서대문구","MON",23,225,0.03
"서대문구","SAT",9,129,0.01
"서대문구","SAT",10,308,0.03
"서대문구","SAT",11,781,0.08
"서대문구","SAT",12,936,0.09
"서대문구","SAT",13,653,0.06
"서대문구","SAT",14,535,0.05
"서대문구","SAT",15,482,0.05
"서대문구","SAT",16,622,0.06
"서대문구","SAT",17,999,0.1
"서대문구","SAT",18,1230,0.12
"서대문구","SAT",19,1207,0.12
"서대문구","SAT",20,913,0.09
"서대문구","SAT",21,664,0.06
"서대문구","SAT",22,519,0.05
"서대문구","SAT",23,284,0.03
"서대문구","SUN",9,116,0.01
"서대문구","SUN",10,276,0.03
"서대문구","SUN",11,636,0.06
"서대문구","SUN",12,812,0.08
"서대문구","SUN",13,717,0.07
"서대문구","SUN",14,595,0.06
"서대문구","SUN",15,498,0.05
"서대문구","SUN",16,649,0.07
"서대문구","SUN",17,1049,0.11
"서대문구","SUN",18,1271,0.13
"서대문구","SUN",19,1088,0.11
"서대문구","SUN",20,809,0.08
"서대문구","SUN",21,592,0.06
"서대문구","SUN",22,421,0.04
"서대문구","SUN",23,293,0.03
"서대문구","THU",9,135,0.01
"서대문구","THU",10,257,0.02
"서대문구","THU",11,838,0.07
"서대문구","THU",12,791,0.07
"서대문구","THU",13,594,0.05
"서대문구","THU",14,420,0.04
"서대문구","THU",15,415,0.04
"서대문구","THU",16,536,0.05
"서대문구","THU",17,1130,0.1
"서대문구","THU",18,1688,0.15
"서대문구","THU",19,1650,0.14
"서대문구","THU",20,1185,0.1
"서대문구","THU",21,825,0.07
"서대문구","THU",22,714,0.06
"서대문구","THU",23,362,0.03
"서대문구","TUE",9,72,0.01
"서대문구","TUE",10,167,0.02
"서대문구","TUE",11,581,0.08
"서대문구","TUE",12,545,0.08
"서대문구","TUE",13,364,0.05
"서대문구","TUE",14,308,0.04
"서대문구","TUE",15,280,0.04
"서대문구","TUE",16,359,0.05
"서대문구","TUE",17,665,0.1
"서대문구","TUE",18,1004,0.15
"서대문구","TUE",19,903,0.13
"서대문구","TUE",20,664,0.1
"서대문구","TUE",21,459,0.07
"서대문구","TUE",22,328,0.05
"서대문구","TUE",23,216,0.03
"서대문구","WED",9,72,0.01
"서대문구","WED",10,175,0.02
"서대문구","WED",11,517,0.07
"서대문구","WED",12,529,0.07
"서대문구","WED",13,364,0.05
"서대문구","WED",14,299,0.04
"서대문구","WED",15,255,0.04
"서대문구","WED",16,386,0.05
"서대문구","WED",17,704,0.1
"서대문구","WED",18,1040,0.15
"서대문구","WED",19,988,0.14
"서대문구","WED",20,727,0.1
"서대문구","WED",21,493,0.07
"서대문구","WED",22,383,0.05
"서대문구","WED",23,224,0.03
"서초구","FRI",9,232,0.02
"서초구","FRI",10,574,0.04
"서초구","FRI",11,1505,0.11
"서초구","FRI",12,1370,0.1
"서초구","FRI",13,962,0.07
"서초구","FRI",14,701,0.05
"서초구","FRI",15,567,0.04
"서초구","FRI",16,772,0.06
"서초구","FRI",17,1334,0.1
"서초구","FRI",18,1834,0.13
"서초구","FRI",19,1574,0.11
"서초구","FRI",20,1020,0.07
"서초구","FRI",21,668,0.05
"서초구","FRI",22,505,0.04
"서초구","FRI",23,301,0.02
"서초구","MON",9,229,0.02
"서초구","MON",10,505,0.04
"서초구","MON",11,1472,0.12
"서초구","MON",12,1245,0.1
"서초구","MON",13,822,0.07
"서초구","MON",14,619,0.05
"서초구","MON",15,589,0.05
"서초구","MON",16,708,0.06
"서초구","MON",17,1158,0.09
"서초구","MON",18,1664,0.13
"서초구","MON",19,1391,0.11
"서초구","MON",20,924,0.07
"서초구","MON",21,551,0.04
"서초구","MON",22,346,0.03
"서초구","MON",23,202,0.02
"서초구","SAT",9,262,0.02
"서초구","SAT",10,563,0.04
"서초구","SAT",11,1357,0.1
"서초구","SAT",12,1456,0.11
"서초구","SAT",13,1154,0.08
"서초구","SAT",14,793,0.06
"서초구","SAT",15,644,0.05
"서초구","SAT",16,785,0.06
"서초구","SAT",17,1245,0.09
"서초구","SAT",18,1619,0.12
"서초구","SAT",19,1399,0.1
"서초구","SAT",20,990,0.07
"서초구","SAT",21,660,0.05
"서초구","SAT",22,448,0.03
"서초구","SAT",23,313,0.02
"서초구","SUN",9,264,0.02
"서초구","SUN",10,531,0.04
"서초구","SUN",11,1147,0.09
"서초구","SUN",12,1218,0.09
"서초구","SUN",13,1085,0.08
"서초구","SUN",14,823,0.06
"서초구","SUN",15,647,0.05
"서초구","SUN",16,836,0.06
"서초구","SUN",17,1448,0.11
"서초구","SUN",18,1665,0.13
"서초구","SUN",19,1379,0.1
"서초구","SUN",20,948,0.07
"서초구","SUN",21,607,0.05
"서초구","SUN",22,411,0.03
"서초구","SUN",23,264,0.02
"서초구","THU",9,291,0.02
"서초구","THU",10,872,0.05
"서초구","THU",11,2496,0.13
"서초구","THU",12,1616,0.09
"서초구","THU",13,1030,0.06
"서초구","THU",14,756,0.04
"서초구","THU",15,688,0.04
"서초구","THU",16,934,0.05
"서초구","THU",17,1691,0.09
"서초구","THU",18,2561,0.14
"서초구","THU",19,2317,0.12
"서초구","THU",20,1383,0.07
"서초구","THU",21,852,0.05
"서초구","THU",22,657,0.04
"서초구","THU",23,398,0.02
"서초구","TUE",9,166,0.02
"서초구","TUE",10,497,0.05
"서초구","TUE",11,1462,0.13
"서초구","TUE",12,946,0.09
"서초구","TUE",13,658,0.06
"서초구","TUE",14,447,0.04
"서초구","TUE",15,443,0.04
"서초구","TUE",16,589,0.05
"서초구","TUE",17,1044,0.1
"서초구","TUE",18,1461,0.13
"서초구","TUE",19,1318,0.12
"서초구","TUE",20,861,0.08
"서초구","TUE",21,479,0.04
"서초구","TUE",22,338,0.03
"서초구","TUE",23,219,0.02
"서초구","WED",9,197,0.02
"서초구","WED",10,509,0.04
"서초구","WED",11,1596,0.14
"서초구","WED",12,982,0.08
"서초구","WED",13,681,0.06
"서초구","WED",14,486,0.04
"서초구","WED",15,483,0.04
"서초구","WED",16,617,0.05
"서초구","WED",17,1126,0.1
"서초구","WED",18,1663,0.14
"서초구","WED",19,1429,0.12
"서초구","WED",20,853,0.07
"서초구","WED",21,508,0.04
"서초구","WED",22,401,0.03
"서초구","WED",23,259,0.02
"성동구","FRI",9,124,0.01
"성동구","FRI",10,342,0.03
"성동구","FRI",11,1050,0.1
"성동구","FRI",12,1008,0.09
"성동구","FRI",13,731,0.07
"성동구","FRI",14,572,0.05
"성동구","FRI",15,451,0.04
"성동구","FRI",16,645,0.06
"성동구","FRI",17,971,0.09
"성동구","FRI",18,1403,0.13
"성동구","FRI",19,1214,0.11
"성동구","FRI",20,927,0.09
"성동구","FRI",21,634,0.06
"성동구","FRI",22,478,0.04
"성동구","FRI",23,217,0.02
"성동구","MON",9,119,0.01
"성동구","MON",10,296,0.03
"성동구","MON",11,968,0.1
"성동구","MON",12,967,0.1
"성동구","MON",13,618,0.07
"성동구","MON",14,426,0.05
"성동구","MON",15,414,0.04
"성동구","MON",16,499,0.05
"성동구","MON",17,945,0.1
"성동구","MON",18,1289,0.14
"성동구","MON",19,1152,0.12
"성동구","MON",20,732,0.08
"성동구","MON",21,484,0.05
"성동구","MON",22,309,0.03
"성동구","MON",23,211,0.02
"성동구","SAT",9,160,0.02
"성동구","SAT",10,304,0.03
"성동구","SAT",11,946,0.09
"성동구","SAT",12,942,0.09
"성동구","SAT",13,779,0.07
"성동구","SAT",14,642,0.06
"성동구","SAT",15,523,0.05
"성동구","SAT",16,568,0.05
"성동구","SAT",17,1023,0.1
"성동구","SAT",18,1196,0.11
"성동구","SAT",19,1082,0.1
"성동구","SAT",20,954,0.09
"성동구","SAT",21,603,0.06
"성동구","SAT",22,488,0.05
"성동구","SAT",23,310,0.03
"성동구","SUN",9,145,0.01
"성동구","SUN",10,330,0.03
"성동구","SUN",11,852,0.08
"성동구","SUN",12,1027,0.1
"성동구","SUN",13,860,0.08
"성동구","SUN",14,648,0.06
"성동구","SUN",15,546,0.05
"성동구","SUN",16,592,0.06
"성동구","SUN",17,1050,0.1
"성동구","SUN",18,1308,0.13
"성동구","SUN",19,1136,0.11
"성동구","SUN",20,821,0.08
"성동구","SUN",21,489,0.05
"성동구","SUN",22,371,0.04
"성동구","SUN",23,240,0.02
"성동구","THU",9,149,0.01
"성동구","THU",10,376,0.03
"성동구","THU",11,1471,0.11
"성동구","THU",12,1220,0.09
"성동구","THU",13,739,0.05
"성동구","THU",14,559,0.04
"성동구","THU",15,482,0.04
"성동구","THU",16,588,0.04
"성동구","THU",17,1151,0.09
"성동구","THU",18,1935,0.14
"성동구","THU",19,1863,0.14
"성동구","THU",20,1165,0.09
"성동구","THU",21,858,0.06
"성동구","THU",22,612,0.05
"성동구","THU",23,313,0.02
"성동구","TUE",9,85,0.01
"성동구","TUE",10,240,0.03
"성동구","TUE",11,905,0.11
"성동구","TUE",12,767,0.09
"성동구","TUE",13,481,0.06
"성동구","TUE",14,344,0.04
"성동구","TUE",15,282,0.03
"성동구","TUE",16,378,0.05
"성동구","TUE",17,684,0.08
"성동구","TUE",18,1173,0.14
"성동구","TUE",19,1102,0.14
"성동구","TUE",20,703,0.09
"성동구","TUE",21,433,0.05
"성동구","TUE",22,345,0.04
"성동구","TUE",23,179,0.02
"성동구","WED",9,103,0.01
"성동구","WED",10,231,0.03
"성동구","WED",11,886,0.11
"성동구","WED",12,743,0.09
"성동구","WED",13,490,0.06
"성동구","WED",14,341,0.04
"성동구","WED",15,279,0.03
"성동구","WED",16,367,0.04
"성동구","WED",17,726,0.09
"성동구","WED",18,1220,0.15
"성동구","WED",19,1183,0.14
"성동구","WED",20,734,0.09
"성동구","WED",21,511,0.06
"성동구","WED",22,348,0.04
"성동구","WED",23,208,0.02
"성북구","FRI",9,182,0.01
"성북구","FRI",10,442,0.03
"성북구","FRI",11,1210,0.08
"성북구","FRI",12,1274,0.09
"성북구","FRI",13,1047,0.07
"성북구","FRI",14,787,0.05
"성북구","FRI",15,699,0.05
"성북구","FRI",16,825,0.06
"성북구","FRI",17,1397,0.09
"성북구","FRI",18,1903,0.13
"성북구","FRI",19,1799,0.12
"성북구","FRI",20,1280,0.09
"성북구","FRI",21,966,0.06
"성북구","FRI",22,730,0.05
"성북구","FRI",23,402,0.03
"성북구","MON",9,168,0.01
"성북구","MON",10,398,0.03
"성북구","MON",11,1050,0.09
"성북구","MON",12,1135,0.09
"성북구","MON",13,856,0.07
"성북구","MON",14,583,0.05
"성북구","MON",15,560,0.05
"성북구","MON",16,583,0.05
"성북구","MON",17,1145,0.09
"성북구","MON",18,1691,0.14
"성북구","MON",19,1592,0.13
"성북구","MON",20,1032,0.08
"성북구","MON",21,722,0.06
"성북구","MON",22,481,0.04
"성북구","MON",23,302,0.02
"성북구","SAT",9,196,0.01
"성북구","SAT",10,537,0.04
"성북구","SAT",11,1223,0.08
"성북구","SAT",12,1302,0.09
"성북구","SAT",13,1054,0.07
"성북구","SAT",14,907,0.06
"성북구","SAT",15,698,0.05
"성북구","SAT",16,868,0.06
"성북구","SAT",17,1364,0.09
"성북구","SAT",18,1782,0.12
"성북구","SAT",19,1799,0.12
"성북구","SAT",20,1306,0.09
"성북구","SAT",21,977,0.06
"성북구","SAT",22,660,0.04
"성북구","SAT",23,387,0.03
"성북구","SUN",9,230,0.02
"성북구","SUN",10,501,0.03
"성북구","SUN",11,1122,0.07
"성북구","SUN",12,1332,0.09
"성북구","SUN",13,1177,0.08
"성북구","SUN",14,850,0.06
"성북구","SUN",15,731,0.05
"성북구","SUN",16,894,0.06
"성북구","SUN",17,1510,0.1
"성북구","SUN",18,1888,0.13
"성북구","SUN",19,1651,0.11
"성북구","SUN",20,1235,0.08
"성북구","SUN",21,869,0.06
"성북구","SUN",22,612,0.04
"성북구","SUN",23,382,0.03
"성북구","THU",9,229,0.01
"성북구","THU",10,495,0.03
"성북구","THU",11,1412,0.08
"성북구","THU",12,1283,0.08
"성북구","THU",13,917,0.05
"성북구","THU",14,708,0.04
"성북구","THU",15,609,0.04
"성북구","THU",16,823,0.05
"성북구","THU",17,1482,0.09
"성북구","THU",18,2354,0.14
"성북구","THU",19,2432,0.14
"성북구","THU",20,1656,0.1
"성북구","THU",21,1119,0.07
"성북구","THU",22,853,0.05
"성북구","THU",23,551,0.03
"성북구","TUE",9,135,0.01
"성북구","TUE",10,316,0.03
"성북구","TUE",11,832,0.08
"성북구","TUE",12,784,0.08
"성북구","TUE",13,558,0.05
"성북구","TUE",14,444,0.04
"성북구","TUE",15,388,0.04
"성북구","TUE",16,535,0.05
"성북구","TUE",17,973,0.1
"성북구","TUE",18,1445,0.14
"성북구","TUE",19,1463,0.14
"성북구","TUE",20,976,0.1
"성북구","TUE",21,607,0.06
"성북구","TUE",22,448,0.04
"성북구","TUE",23,292,0.03
"성북구","WED",9,154,0.01
"성북구","WED",10,304,0.03
"성북구","WED",11,874,0.08
"성북구","WED",12,860,0.08
"성북구","WED",13,589,0.06
"성북구","WED",14,432,0.04
"성북구","WED",15,393,0.04
"성북구","WED",16,504,0.05
"성북구","WED",17,934,0.09
"성북구","WED",18,1600,0.15
"성북구","WED",19,1481,0.14
"성북구","WED",20,1012,0.1
"성북구","WED",21,638,0.06
"성북구","WED",22,506,0.05
"성북구","WED",23,312,0.03
"송파구","FRI",9,625,0.02
"송파구","FRI",10,1196,0.03
"송파구","FRI",11,2969,0.08
"송파구","FRI",12,3084,0.09
"송파구","FRI",13,2418,0.07
"송파구","FRI",14,1821,0.05
"송파구","FRI",15,1607,0.04
"송파구","FRI",16,1974,0.05
"송파구","FRI",17,3326,0.09
"송파구","FRI",18,4435,0.12
"송파구","FRI",19,4159,0.12
"송파구","FRI",20,2880,0.08
"송파구","FRI",21,2495,0.07
"송파구","FRI",22,1827,0.05
"송파구","FRI",23,1195,0.03
"송파구","MON",9,512,0.02
"송파구","MON",10,1023,0.03
"송파구","MON",11,2651,0.09
"송파구","MON",12,2674,0.09
"송파구","MON",13,1970,0.07
"송파구","MON",14,1528,0.05
"송파구","MON",15,1417,0.05
"송파구","MON",16,1586,0.05
"송파구","MON",17,2649,0.09
"송파구","MON",18,3778,0.13
"송파구","MON",19,3755,0.13
"송파구","MON",20,2522,0.08
"송파구","MON",21,1868,0.06
"송파구","MON",22,1208,0.04
"송파구","MON",23,796,0.03
"송파구","SAT",9,679,0.02
"송파구","SAT",10,1352,0.04
"송파구","SAT",11,2984,0.08
"송파구","SAT",12,3284,0.09
"송파구","SAT",13,2776,0.07
"송파구","SAT",14,2243,0.06
"송파구","SAT",15,1884,0.05
"송파구","SAT",16,2222,0.06
"송파구","SAT",17,3315,0.09
"송파구","SAT",18,4149,0.11
"송파구","SAT",19,3968,0.11
"송파구","SAT",20,3111,0.08
"송파구","SAT",21,2409,0.06
"송파구","SAT",22,1804,0.05
"송파구","SAT",23,1222,0.03
"송파구","SUN",9,692,0.02
"송파구","SUN",10,1364,0.04
"송파구","SUN",11,2927,0.08
"송파구","SUN",12,3292,0.09
"송파구","SUN",13,2844,0.08
"송파구","SUN",14,2086,0.06
"송파구","SUN",15,1799,0.05
"송파구","SUN",16,2236,0.06
"송파구","SUN",17,3516,0.1
"송파구","SUN",18,4462,0.12
"송파구","SUN",19,3897,0.11
"송파구","SUN",20,2990,0.08
"송파구","SUN",21,2032,0.06
"송파구","SUN",22,1524,0.04
"송파구","SUN",23,994,0.03
"송파구","THU",9,659,0.02
"송파구","THU",10,1314,0.03
"송파구","THU",11,3559,0.09
"송파구","THU",12,3098,0.07
"송파구","THU",13,2181,0.05
"송파구","THU",14,1647,0.04
"송파구","THU",15,1507,0.04
"송파구","THU",16,1944,0.05
"송파구","THU",17,3436,0.08
"송파구","THU",18,5683,0.14
"송파구","THU",19,5815,0.14
"송파구","THU",20,3998,0.1
"송파구","THU",21,2922,0.07
"송파구","THU",22,2196,0.05
"송파구","THU",23,1446,0.03
"송파구","TUE",9,351,0.01
"송파구","TUE",10,736,0.03
"송파구","TUE",11,2109,0.09
"송파구","TUE",12,1832,0.08
"송파구","TUE",13,1361,0.06
"송파구","TUE",14,1101,0.05
"송파구","TUE",15,891,0.04
"송파구","TUE",16,1165,0.05
"송파구","TUE",17,2011,0.08
"송파구","TUE",18,3263,0.14
"송파구","TUE",19,3264,0.14
"송파구","TUE",20,2326,0.1
"송파구","TUE",21,1546,0.06
"송파구","TUE",22,1191,0.05
"송파구","TUE",23,760,0.03
"송파구","WED",9,396,0.02
"송파구","WED",10,889,0.04
"송파구","WED",11,2092,0.08
"송파구","WED",12,1953,0.08
"송파구","WED",13,1391,0.06
"송파구","WED",14,1026,0.04
"송파구","WED",15,991,0.04
"송파구","WED",16,1212,0.05
"송파구","WED",17,2185,0.09
"송파구","WED",18,3552,0.14
"송파구","WED",19,3506,0.14
"송파구","WED",20,2420,0.1
"송파구","WED",21,1582,0.06
"송파구","WED",22,1251,0.05
"송파구","WED",23,816,0.03
"양천구","FRI",9,145,0.01
"양천구","FRI",10,336,0.03
"양천구","FRI",11,1063,0.09
"양천구","FRI",12,1152,0.09
"양천구","FRI",13,771,0.06
"양천구","FRI",14,623,0.05
"양천구","FRI",15,527,0.04
"양천구","FRI",16,763,0.06
"양천구","FRI",17,1281,0.11
"양천구","FRI",18,1589,0.13
"양천구","FRI",19,1407,0.12
"양천구","FRI",20,1012,0.08
"양천구","FRI",21,761,0.06
"양천구","FRI",22,461,0.04
"양천구","FRI",23,273,0.02
"양천구","MON",9,116,0.01
"양천구","MON",10,255,0.03
"양천구","MON",11,830,0.09
"양천구","MON",12,872,0.09
"양천구","MON",13,634,0.07
"양천구","MON",14,505,0.05
"양천구","MON",15,463,0.05
"양천구","MON",16,573,0.06
"양천구","MON",17,875,0.09
"양천구","MON",18,1278,0.14
"양천구","MON",19,1201,0.13
"양천구","MON",20,785,0.08
"양천구","MON",21,488,0.05
"양천구","MON",22,357,0.04
"양천구","MON",23,192,0.02
"양천구","SAT",9,156,0.01
"양천구","SAT",10,438,0.03
"양천구","SAT",11,1057,0.08
"양천구","SAT",12,1177,0.09
"양천구","SAT",13,937,0.07
"양천구","SAT",14,741,0.06
"양천구","SAT",15,642,0.05
"양천구","SAT",16,782,0.06
"양천구","SAT",17,1360,0.11
"양천구","SAT",18,1663,0.13
"양천구","SAT",19,1457,0.11
"양천구","SAT",20,1050,0.08
"양천구","SAT",21,728,0.06
"양천구","SAT",22,472,0.04
"양천구","SAT",23,278,0.02
"양천구","SUN",9,143,0.01
"양천구","SUN",10,391,0.03
"양천구","SUN",11,952,0.08
"양천구","SUN",12,1160,0.1
"양천구","SUN",13,919,0.08
"양천구","SUN",14,654,0.05
"양천구","SUN",15,625,0.05
"양천구","SUN",16,744,0.06
"양천구","SUN",17,1340,0.11
"양천구","SUN",18,1656,0.14
"양천구","SUN",19,1316,0.11
"양천구","SUN",20,955,0.08
"양천구","SUN",21,532,0.04
"양천구","SUN",22,356,0.03
"양천구","SUN",23,224,0.02
"양천구","THU",9,143,0.01
"양천구","THU",10,349,0.02
"양천구","THU",11,1053,0.08
"양천구","THU",12,1005,0.07
"양천구","THU",13,774,0.06
"양천구","THU",14,621,0.04
"양천구","THU",15,639,0.05
"양천구","THU",16,796,0.06
"양천구","THU",17,1316,0.09
"양천구","THU",18,2026,0.14
"양천구","THU",19,2050,0.15
"양천구","THU",20,1335,0.1
"양천구","THU",21,896,0.06
"양천구","THU",22,607,0.04
"양천구","THU",23,369,0.03
"양천구","TUE",9,84,0.01
"양천구","TUE",10,213,0.03
"양천구","TUE",11,639,0.08
"양천구","TUE",12,621,0.08
"양천구","TUE",13,434,0.06
"양천구","TUE",14,365,0.05
"양천구","TUE",15,330,0.04
"양천구","TUE",16,480,0.06
"양천구","TUE",17,720,0.09
"양천구","TUE",18,1177,0.15
"양천구","TUE",19,1019,0.13
"양천구","TUE",20,736,0.09
"양천구","TUE",21,483,0.06
"양천구","TUE",22,324,0.04
"양천구","TUE",23,170,0.02
"양천구","WED",9,93,0.01
"양천구","WED",10,229,0.03
"양천구","WED",11,553,0.07
"양천구","WED",12,589,0.07
"양천구","WED",13,501,0.06
"양천구","WED",14,372,0.05
"양천구","WED",15,384,0.05
"양천구","WED",16,485,0.06
"양천구","WED",17,785,0.1
"양천구","WED",18,1204,0.15
"양천구","WED",19,1184,0.14
"양천구","WED",20,828,0.1
"양천구","WED",21,483,0.06
"양천구","WED",22,360,0.04
"양천구","WED",23,212,0.03
"영등포구","FRI",9,315,0.02
"영등포구","FRI",10,900,0.04
"영등포구","FRI",11,1817,0.09
"영등포구","FRI",12,1647,0.08
"영등포구","FRI",13,1329,0.06
"영등포구","FRI",14,1047,0.05
"영등포구","FRI",15,854,0.04
"영등포구","FRI",16,1062,0.05
"영등포구","FRI",17,1836,0.09
"영등포구","FRI",18,2703,0.13
"영등포구","FRI",19,2277,0.11
"영등포구","FRI",20,1819,0.09
"영등포구","FRI",21,1328,0.06
"영등포구","FRI",22,942,0.05
"영등포구","FRI",23,628,0.03
"영등포구","MON",9,279,0.02
"영등포구","MON",10,805,0.05
"영등포구","MON",11,1559,0.09
"영등포구","MON",12,1479,0.08
"영등포구","MON",13,1082,0.06
"영등포구","MON",14,899,0.05
"영등포구","MON",15,758,0.04
"영등포구","MON",16,928,0.05
"영등포구","MON",17,1657,0.09
"영등포구","MON",18,2336,0.13
"영등포구","MON",19,2231,0.13
"영등포구","MON",20,1444,0.08
"영등포구","MON",21,1049,0.06
"영등포구","MON",22,674,0.04
"영등포구","MON",23,434,0.02
"영등포구","SAT",9,387,0.02
"영등포구","SAT",10,859,0.04
"영등포구","SAT",11,1725,0.09
"영등포구","SAT",12,1707,0.08
"영등포구","SAT",13,1425,0.07
"영등포구","SAT",14,1234,0.06
"영등포구","SAT",15,994,0.05
"영등포구","SAT",16,1039,0.05
"영등포구","SAT",17,1787,0.09
"영등포구","SAT",18,2354,0.12
"영등포구","SAT",19,2126,0.11
"영등포구","SAT",20,1664,0.08
"영등포구","SAT",21,1280,0.06
"영등포구","SAT",22,929,0.05
"영등포구","SAT",23,621,0.03
"영등포구","SUN",9,421,0.02
"영등포구","SUN",10,817,0.04
"영등포구","SUN",11,1684,0.08
"영등포구","SUN",12,1811,0.09
"영등포구","SUN",13,1602,0.08
"영등포구","SUN",14,1238,0.06
"영등포구","SUN",15,1066,0.05
"영등포구","SUN",16,1245,0.06
"영등포구","SUN",17,1972,0.09
"영등포구","SUN",18,2585,0.12
"영등포구","SUN",19,2180,0.1
"영등포구","SUN",20,1684,0.08
"영등포구","SUN",21,1151,0.06
"영등포구","SUN",22,856,0.04
"영등포구","SUN",23,570,0.03
"영등포구","THU",9,358,0.01
"영등포구","THU",10,1276,0.05
"영등포구","THU",11,2445,0.1
"영등포구","THU",12,1625,0.07
"영등포구","THU",13,1200,0.05
"영등포구","THU",14,912,0.04
"영등포구","THU",15,766,0.03
"영등포구","THU",16,1010,0.04
"영등포구","THU",17,1922,0.08
"영등포구","THU",18,3561,0.15
"영등포구","THU",19,3325,0.14
"영등포구","THU",20,2320,0.09
"영등포구","THU",21,1707,0.07
"영등포구","THU",22,1260,0.05
"영등포구","THU",23,804,0.03
"영등포구","TUE",9,209,0.01
"영등포구","TUE",10,715,0.05
"영등포구","TUE",11,1503,0.1
"영등포구","TUE",12,1054,0.07
"영등포구","TUE",13,771,0.05
"영등포구","TUE",14,555,0.04
"영등포구","TUE",15,459,0.03
"영등포구","TUE",16,647,0.04
"영등포구","TUE",17,1209,0.08
"영등포구","TUE",18,2277,0.16
"영등포구","TUE",19,1922,0.13
"영등포구","TUE",20,1336,0.09
"영등포구","TUE",21,905,0.06
"영등포구","TUE",22,641,0.04
"영등포구","TUE",23,450,0.03
"영등포구","WED",9,229,0.02
"영등포구","WED",10,776,0.05
"영등포구","WED",11,1523,0.1
"영등포구","WED",12,1019,0.07
"영등포구","WED",13,693,0.05
"영등포구","WED",14,571,0.04
"영등포구","WED",15,468,0.03
"영등포구","WED",16,653,0.04
"영등포구","WED",17,1295,0.09
"영등포구","WED",18,2357,0.16
"영등포구","WED",19,2143,0.14
"영등포구","WED",20,1435,0.09
"영등포구","WED",21,938,0.06
"영등포구","WED",22,635,0.04
"영등포구","WED",23,416,0.03
"용산구","FRI",9,150,0.02
"용산구","FRI",10,282,0.03
"용산구","FRI",11,809,0.08
"용산구","FRI",12,831,0.08
"용산구","FRI",13,680,0.07
"용산구","FRI",14,511,0.05
"용산구","FRI",15,437,0.04
"용산구","FRI",16,529,0.05
"용산구","FRI",17,948,0.1
"용산구","FRI",18,1224,0.12
"용산구","FRI",19,1178,0.12
"용산구","FRI",20,839,0.09
"용산구","FRI",21,703,0.07
"용산구","FRI",22,444,0.05
"용산구","FRI",23,279,0.03
"용산구","MON",9,121,0.02
"용산구","MON",10,300,0.04
"용산구","MON",11,737,0.09
"용산구","MON",12,739,0.09
"용산구","MON",13,564,0.07
"용산구","MON",14,406,0.05
"용산구","MON",15,361,0.04
"용산구","MON",16,414,0.05
"용산구","MON",17,719,0.09
"용산구","MON",18,1062,0.13
"용산구","MON",19,1037,0.13
"용산구","MON",20,633,0.08
"용산구","MON",21,442,0.05
"용산구","MON",22,313,0.04
"용산구","MON",23,189,0.02
"용산구","SAT",9,152,0.02
"용산구","SAT",10,300,0.03
"용산구","SAT",11,773,0.08
"용산구","SAT",12,912,0.09
"용산구","SAT",13,727,0.07
"용산구","SAT",14,611,0.06
"용산구","SAT",15,507,0.05
"용산구","SAT",16,543,0.06
"용산구","SAT",17,939,0.1
"용산구","SAT",18,1149,0.12
"용산구","SAT",19,1070,0.11
"용산구","SAT",20,800,0.08
"용산구","SAT",21,598,0.06
"용산구","SAT",22,472,0.05
"용산구","SAT",23,309,0.03
"용산구","SUN",9,171,0.02
"용산구","SUN",10,301,0.03
"용산구","SUN",11,769,0.08
"용산구","SUN",12,877,0.09
"용산구","SUN",13,767,0.08
"용산구","SUN",14,591,0.06
"용산구","SUN",15,541,0.06
"용산구","SUN",16,666,0.07
"용산구","SUN",17,964,0.1
"용산구","SUN",18,1182,0.12
"용산구","SUN",19,994,0.1
"용산구","SUN",20,797,0.08
"용산구","SUN",21,558,0.06
"용산구","SUN",22,403,0.04
"용산구","SUN",23,239,0.02
"용산구","THU",9,137,0.01
"용산구","THU",10,356,0.03
"용산구","THU",11,1153,0.1
"용산구","THU",12,915,0.08
"용산구","THU",13,611,0.05
"용산구","THU",14,470,0.04
"용산구","THU",15,450,0.04
"용산구","THU",16,502,0.04
"용산구","THU",17,976,0.08
"용산구","THU",18,1682,0.14
"용산구","THU",19,1647,0.14
"용산구","THU",20,1132,0.1
"용산구","THU",21,782,0.07
"용산구","THU",22,531,0.05
"용산구","THU",23,343,0.03
"용산구","TUE",9,116,0.02
"용산구","TUE",10,197,0.03
"용산구","TUE",11,778,0.11
"용산구","TUE",12,590,0.08
"용산구","TUE",13,391,0.05
"용산구","TUE",14,244,0.03
"용산구","TUE",15,277,0.04
"용산구","TUE",16,334,0.05
"용산구","TUE",17,650,0.09
"용산구","TUE",18,1041,0.15
"용산구","TUE",19,973,0.14
"용산구","TUE",20,675,0.09
"용산구","TUE",21,438,0.06
"용산구","TUE",22,263,0.04
"용산구","TUE",23,211,0.03
"용산구","WED",9,105,0.01
"용산구","WED",10,222,0.03
"용산구","WED",11,758,0.1
"용산구","WED",12,555,0.08
"용산구","WED",13,440,0.06
"용산구","WED",14,291,0.04
"용산구","WED",15,243,0.03
"용산구","WED",16,324,0.04
"용산구","WED",17,624,0.09
"용산구","WED",18,1033,0.14
"용산구","WED",19,960,0.13
"용산구","WED",20,687,0.1
"용산구","WED",21,467,0.06
"용산구","WED",22,296,0.04
"용산구","WED",23,216,0.03
"은평구","FRI",9,175,0.01
"은평구","FRI",10,373,0.03
"은평구","FRI",11,996,0.07
"은평구","FRI",12,1169,0.08
"은평구","FRI",13,902,0.06
"은평구","FRI",14,705,0.05
"은평구","FRI",15,666,0.05
"은평구","FRI",16,821,0.06
"은평구","FRI",17,1344,0.09
"은평구","FRI",18,1790,0.12
"은평구","FRI",19,1775,0.12
"은평구","FRI",20,1367,0.09
"은평구","FRI",21,1160,0.08
"은평구","FRI",22,789,0.05
"은평구","FRI",23,521,0.04
"은평구","MON",9,151,0.01
"은평구","MON",10,337,0.03
"은평구","MON",11,807,0.07
"은평구","MON",12,997,0.08
"은평구","MON",13,756,0.06
"은평구","MON",14,521,0.04
"은평구","MON",15,501,0.04
"은평구","MON",16,627,0.05
"은평구","MON",17,1006,0.08
"은평구","MON",18,1644,0.14
"은평구","MON",19,1625,0.14
"은평구","MON",20,1191,0.1
"은평구","MON",21,835,0.07
"은평구","MON",22,569,0.05
"은평구","MON",23,347,0.03
"은평구","SAT",9,200,0.01
"은평구","SAT",10,444,0.03
"은평구","SAT",11,1016,0.07
"은평구","SAT",12,1172,0.08
"은평구","SAT",13,1071,0.07
"은평구","SAT",14,858,0.06
"은평구","SAT",15,791,0.05
"은평구","SAT",16,851,0.06
"은평구","SAT",17,1332,0.09
"은평구","SAT",18,1763,0.12
"은평구","SAT",19,1693,0.11
"은평구","SAT",20,1393,0.09
"은평구","SAT",21,1078,0.07
"은평구","SAT",22,814,0.05
"은평구","SAT",23,535,0.04
"은평구","SUN",9,247,0.02
"은평구","SUN",10,429,0.03
"은평구","SUN",11,1029,0.07
"은평구","SUN",12,1213,0.08
"은평구","SUN",13,1056,0.07
"은평구","SUN",14,899,0.06
"은평구","SUN",15,789,0.05
"은평구","SUN",16,899,0.06
"은평구","SUN",17,1495,0.1
"은평구","SUN",18,1885,0.12
"은평구","SUN",19,1721,0.11
"은평구","SUN",20,1366,0.09
"은평구","SUN",21,992,0.07
"은평구","SUN",22,672,0.04
"은평구","SUN",23,432,0.03
"은평구","THU",9,147,0.01
"은평구","THU",10,390,0.02
"은평구","THU",11,927,0.06
"은평구","THU",12,1033,0.06
"은평구","THU",13,722,0.04
"은평구","THU",14,595,0.04
"은평구","THU",15,528,0.03
"은평구","THU",16,675,0.04
"은평구","THU",17,1139,0.07
"은평구","THU",18,2340,0.15
"은평구","THU",19,2549,0.16
"은평구","THU",20,1942,0.12
"은평구","THU",21,1400,0.09
"은평구","THU",22,1045,0.07
"은평구","THU",23,628,0.04
"은평구","TUE",9,95,0.01
"은평구","TUE",10,217,0.02
"은평구","TUE",11,551,0.06
"은평구","TUE",12,662,0.07
"은평구","TUE",13,423,0.04
"은평구","TUE",14,368,0.04
"은평구","TUE",15,342,0.04
"은평구","TUE",16,434,0.05
"은평구","TUE",17,743,0.08
"은평구","TUE",18,1316,0.14
"은평구","TUE",19,1520,0.16
"은평구","TUE",20,1078,0.11
"은평구","TUE",21,768,0.08
"은평구","TUE",22,519,0.06
"은평구","TUE",23,365,0.04
"은평구","WED",9,108,0.01
"은평구","WED",10,231,0.02
"은평구","WED",11,644,0.07
"은평구","WED",12,646,0.07
"은평구","WED",13,490,0.05
"은평구","WED",14,384,0.04
"은평구","WED",15,353,0.04
"은평구","WED",16,413,0.04
"은평구","WED",17,795,0.08
"은평구","WED",18,1407,0.14
"은평구","WED",19,1604,0.16
"은평구","WED",20,1178,0.12
"은평구","WED",21,764,0.08
"은평구","WED",22,532,0.05
"은평구","WED",23,344,0.03
"종로구","FRI",9,91,0.02
"종로구","FRI",10,250,0.05
"종로구","FRI",11,594,0.12
"종로구","FRI",12,488,0.1
"종로구","FRI",13,349,0.07
"종로구","FRI",14,264,0.05
"종로구","FRI",15,224,0.04
"종로구","FRI",16,291,0.06
"종로구","FRI",17,463,0.09
"종로구","FRI",18,604,0.12
"종로구","FRI",19,535,0.1
"종로구","FRI",20,376,0.07
"종로구","FRI",21,254,0.05
"종로구","FRI",22,213,0.04
"종로구","FRI",23,131,0.03
"종로구","MON",9,67,0.02
"종로구","MON",10,170,0.04
"종로구","MON",11,573,0.13
"종로구","MON",12,439,0.1
"종로구","MON",13,284,0.06
"종로구","MON",14,216,0.05
"종로구","MON",15,171,0.04
"종로구","MON",16,233,0.05
"종로구","MON",17,403,0.09
"종로구","MON",18,574,0.13
"종로구","MON",19,479,0.11
"종로구","MON",20,331,0.08
"종로구","MON",21,222,0.05
"종로구","MON",22,152,0.03
"종로구","MON",23,78,0.02
"종로구","SAT",9,72,0.02
"종로구","SAT",10,194,0.04
"종로구","SAT",11,480,0.1
"종로구","SAT",12,450,0.09
"종로구","SAT",13,342,0.07
"종로구","SAT",14,305,0.06
"종로구","SAT",15,250,0.05
"종로구","SAT",16,290,0.06
"종로구","SAT",17,419,0.09
"종로구","SAT",18,518,0.11
"종로구","SAT",19,476,0.1
"종로구","SAT",20,368,0.08
"종로구","SAT",21,277,0.06
"종로구","SAT",22,210,0.04
"종로구","SAT",23,121,0.03
"종로구","SUN",9,62,0.01
"종로구","SUN",10,139,0.03
"종로구","SUN",11,429,0.09
"종로구","SUN",12,416,0.09
"종로구","SUN",13,388,0.08
"종로구","SUN",14,282,0.06
"종로구","SUN",15,257,0.05
"종로구","SUN",16,243,0.05
"종로구","SUN",17,485,0.1
"종로구","SUN",18,565,0.12
"종로구","SUN",19,487,0.1
"종로구","SUN",20,378,0.08
"종로구","SUN",21,255,0.05
"종로구","SUN",22,206,0.04
"종로구","SUN",23,87,0.02
"종로구","THU",9,99,0.01
"종로구","THU",10,312,0.05
"종로구","THU",11,986,0.14
"종로구","THU",12,629,0.09
"종로구","THU",13,411,0.06
"종로구","THU",14,280,0.04
"종로구","THU",15,257,0.04
"종로구","THU",16,329,0.05
"종로구","THU",17,616,0.09
"종로구","THU",18,880,0.13
"종로구","THU",19,768,0.11
"종로구","THU",20,511,0.07
"종로구","THU",21,343,0.05
"종로구","THU",22,258,0.04
"종로구","THU",23,156,0.02
"종로구","TUE",9,52,0.01
"종로구","TUE",10,186,0.05
"종로구","TUE",11,585,0.14
"종로구","TUE",12,390,0.1
"종로구","TUE",13,261,0.06
"종로구","TUE",14,180,0.04
"종로구","TUE",15,154,0.04
"종로구","TUE",16,210,0.05
"종로구","TUE",17,348,0.09
"종로구","TUE",18,558,0.14
"종로구","TUE",19,434,0.11
"종로구","TUE",20,280,0.07
"종로구","TUE",21,198,0.05
"종로구","TUE",22,117,0.03
"종로구","TUE",23,84,0.02
"종로구","WED",9,61,0.01
"종로구","WED",10,163,0.04
"종로구","WED",11,590,0.14
"종로구","WED",12,386,0.09
"종로구","WED",13,244,0.06
"종로구","WED",14,191,0.04
"종로구","WED",15,194,0.05
"종로구","WED",16,188,0.04
"종로구","WED",17,421,0.1
"종로구","WED",18,575,0.13
"종로구","WED",19,486,0.11
"종로구","WED",20,320,0.07
"종로구","WED",21,232,0.05
"종로구","WED",22,164,0.04
"종로구","WED",23,87,0.02
"중구","FRI",9,99,0.02
"중구","FRI",10,252,0.05
"중구","FRI",11,604,0.12
"중구","FRI",12,470,0.09
"중구","FRI",13,362,0.07
"중구","FRI",14,243,0.05
"중구","FRI",15,187,0.04
"중구","FRI",16,276,0.05
"중구","FRI",17,444,0.09
"중구","FRI",18,625,0.12
"중구","FRI",19,539,0.1
"중구","FRI",20,438,0.08
"중구","FRI",21,296,0.06
"중구","FRI",22,221,0.04
"중구","FRI",23,151,0.03
"중구","MON",9,68,0.02
"중구","MON",10,196,0.04
"중구","MON",11,566,0.13
"중구","MON",12,448,0.1
"중구","MON",13,285,0.06
"중구","MON",14,213,0.05
"중구","MON",15,172,0.04
"중구","MON",16,221,0.05
"중구","MON",17,319,0.07
"중구","MON",18,583,0.13
"중구","MON",19,471,0.11
"중구","MON",20,395,0.09
"중구","MON",21,228,0.05
"중구","MON",22,160,0.04
"중구","MON",23,114,0.03
"중구","SAT",9,91,0.02
"중구","SAT",10,208,0.04
"중구","SAT",11,411,0.09
"중구","SAT",12,414,0.09
"중구","SAT",13,334,0.07
"중구","SAT",14,266,0.06
"중구","SAT",15,244,0.05
"중구","SAT",16,299,0.06
"중구","SAT",17,431,0.09
"중구","SAT",18,545,0.11
"중구","SAT",19,479,0.1
"중구","SAT",20,400,0.08
"중구","SAT",21,300,0.06
"중구","SAT",22,211,0.04
"중구","SAT",23,162,0.03
"중구","SUN",9,69,0.02
"중구","SUN",10,150,0.03
"중구","SUN",11,355,0.08
"중구","SUN",12,382,0.09
"중구","SUN",13,297,0.07
"중구","SUN",14,253,0.06
"중구","SUN",15,230,0.05
"중구","SUN",16,260,0.06
"중구","SUN",17,402,0.09
"중구","SUN",18,461,0.11
"중구","SUN",19,452,0.11
"중구","SUN",20,359,0.08
"중구","SUN",21,289,0.07
"중구","SUN",22,225,0.05
"중구","SUN",23,104,0.02
"중구","THU",9,104,0.01
"중구","THU",10,384,0.05
"중구","THU",11,1109,0.16
"중구","THU",12,642,0.09
"중구","THU",13,395,0.06
"중구","THU",14,266,0.04
"중구","THU",15,240,0.03
"중구","THU",16,283,0.04
"중구","THU",17,498,0.07
"중구","THU",18,850,0.12
"중구","THU",19,843,0.12
"중구","THU",20,565,0.08
"중구","THU",21,385,0.05
"중구","THU",22,269,0.04
"중구","THU",23,218,0.03
"중구","TUE",9,62,0.01
"중구","TUE",10,223,0.05
"중구","TUE",11,633,0.15
"중구","TUE",12,397,0.09
"중구","TUE",13,246,0.06
"중구","TUE",14,155,0.04
"중구","TUE",15,160,0.04
"중구","TUE",16,188,0.04
"중구","TUE",17,297,0.07
"중구","TUE",18,565,0.13
"중구","TUE",19,473,0.11
"중구","TUE",20,326,0.08
"중구","TUE",21,230,0.05
"중구","TUE",22,169,0.04
"중구","TUE",23,132,0.03
"중구","WED",9,90,0.02
"중구","WED",10,222,0.05
"중구","WED",11,684,0.15
"중구","WED",12,412,0.09
"중구","WED",13,252,0.06
"중구","WED",14,198,0.04
"중구","WED",15,144,0.03
"중구","WED",16,179,0.04
"중구","WED",17,356,0.08
"중구","WED",18,613,0.14
"중구","WED",19,482,0.11
"중구","WED",20,330,0.07
"중구","WED",21,246,0.05
"중구","WED",22,178,0.04
"중구","WED",23,126,0.03
"중랑구","FRI",9,103,0.01
"중랑구","FRI",10,298,0.03
"중랑구","FRI",11,679,0.07
"중랑구","FRI",12,715,0.07
"중랑구","FRI",13,590,0.06
"중랑구","FRI",14,477,0.05
"중랑구","FRI",15,447,0.04
"중랑구","FRI",16,537,0.05
"중랑구","FRI",17,792,0.08
"중랑구","FRI",18,1179,0.12
"중랑구","FRI",19,1304,0.13
"중랑구","FRI",20,1029,0.1
"중랑구","FRI",21,774,0.08
"중랑구","FRI",22,691,0.07
"중랑구","FRI",23,367,0.04
"중랑구","MON",9,94,0.01
"중랑구","MON",10,208,0.03
"중랑구","MON",11,554,0.07
"중랑구","MON",12,646,0.08
"중랑구","MON",13,474,0.06
"중랑구","MON",14,387,0.05
"중랑구","MON",15,380,0.05
"중랑구","MON",16,385,0.05
"중랑구","MON",17,623,0.08
"중랑구","MON",18,1074,0.13
"중랑구","MON",19,1155,0.14
"중랑구","MON",20,854,0.11
"중랑구","MON",21,610,0.08
"중랑구","MON",22,411,0.05
"중랑구","MON",23,213,0.03
"중랑구","SAT",9,140,0.01
"중랑구","SAT",10,326,0.03
"중랑구","SAT",11,792,0.07
"중랑구","SAT",12,921,0.08
"중랑구","SAT",13,824,0.07
"중랑구","SAT",14,604,0.05
"중랑구","SAT",15,506,0.05
"중랑구","SAT",16,649,0.06
"중랑구","SAT",17,1002,0.09
"중랑구","SAT",18,1244,0.11
"중랑구","SAT",19,1216,0.11
"중랑구","SAT",20,1039,0.09
"중랑구","SAT",21,894,0.08
"중랑구","SAT",22,580,0.05
"중랑구","SAT",23,361,0.03
"중랑구","SUN",9,152,0.01
"중랑구","SUN",10,332,0.03
"중랑구","SUN",11,742,0.07
"중랑구","SUN",12,832,0.08
"중랑구","SUN",13,721,0.07
"중랑구","SUN",14,708,0.07
"중랑구","SUN",15,480,0.04
"중랑구","SUN",16,651,0.06
"중랑구","SUN",17,990,0.09
"중랑구","SUN",18,1314,0.12
"중랑구","SUN",19,1252,0.12
"중랑구","SUN",20,1051,0.1
"중랑구","SUN",21,697,0.06
"중랑구","SUN",22,546,0.05
"중랑구","SUN",23,301,0.03
"중랑구","THU",9,102,0.01
"중랑구","THU",10,249,0.02
"중랑구","THU",11,638,0.06
"중랑구","THU",12,643,0.06
"중랑구","THU",13,496,0.05
"중랑구","THU",14,345,0.03
"중랑구","THU",15,332,0.03
"중랑구","THU",16,438,0.04
"중랑구","THU",17,763,0.07
"중랑구","THU",18,1400,0.13
"중랑구","THU",19,1698,0.16
"중랑구","THU",20,1328,0.13
"중랑구","THU",21,936,0.09
"중랑구","THU",22,742,0.07
"중랑구","THU",23,429,0.04
"중랑구","TUE",9,64,0.01
"중랑구","TUE",10,144,0.02
"중랑구","TUE",11,429,0.07
"중랑구","TUE",12,433,0.07
"중랑구","TUE",13,342,0.06
"중랑구","TUE",14,255,0.04
"중랑구","TUE",15,207,0.03
"중랑구","TUE",16,290,0.05
"중랑구","TUE",17,439,0.07
"중랑구","TUE",18,745,0.12
"중랑구","TUE",19,925,0.15
"중랑구","TUE",20,722,0.12
"중랑구","TUE",21,534,0.09
"중랑구","TUE",22,368,0.06
"중랑구","TUE",23,205,0.03
"중랑구","WED",9,58,0.01
"중랑구","WED",10,161,0.03
"중랑구","WED",11,395,0.06
"중랑구","WED",12,422,0.07
"중랑구","WED",13,259,0.04
"중랑구","WED",14,233,0.04
"중랑구","WED",15,243,0.04
"중랑구","WED",16,276,0.04
"중랑구","WED",17,502,0.08
"중랑구","WED",18,847,0.13
"중랑구","WED",19,1028,0.16
"중랑구","WED",20,745,0.12
"중랑구","WED",21,513,0.08
"중랑구","WED",22,418,0.07
"중랑구","WED",23,215,0.03
